date,commits,filePath
Wed Apr 21 01:04:44 2021 +0300,       1,.DEREK.yml
Tue Jul 6 00:09:58 2021 +0300,       1,.alexignore
Tue Jul 6 00:09:58 2021 +0300,       1,.alexrc.js
Sun Feb 27 12:56:55 2022 +0300,       3,.all-contributorsrc
Fri Jan 15 22:45:45 2021 +0300,       1,.all-membersrc
Fri Jan 15 22:45:45 2021 +0300,       1,.all-sponsorsrc
Wed Apr 6 12:40:19 2022 +0300,       2,.codeclimate.yml
Fri Apr 8 18:33:51 2022 +0300,       2,.codesandbox/ci.json
Thu Apr 7 12:46:11 2022 +0300,       1,.crowdin.bak
Sun Apr 17 18:25:22 2022 +0300,       1,.csslintrc
Tue Apr 19 12:17:28 2022 +0300,       1,.deepsource.toml
Sun Jul 4 18:14:08 2021 +0300,       3,.dependabot/config.yml
Tue Apr 5 13:47:38 2022 +0300,       5,.dockerignore
Thu Apr 22 17:33:23 2021 +0300,       3,.editorconfig
Tue Apr 12 14:09:12 2022 +0300,       4,.env.example
Tue Apr 12 14:09:12 2022 +0300,       2,.env.json
Mon Apr 4 18:32:28 2022 +0300,       1,.git-blame-ignore-revs
Sat Apr 9 15:05:26 2022 +0300,       2,.gitattributes
Wed Apr 21 01:04:44 2021 +0300,       4,.gitbook.yaml
Mon Jan 25 22:01:38 2021 +0300,       1,.github/CLA.md
Mon Jan 25 22:01:38 2021 +0300,       1,.github/CODEOWNERS
Mon Jan 25 22:01:38 2021 +0300,       1,.github/CODE_OF_CONDUCT.md
Mon Jan 25 22:01:38 2021 +0300,       1,.github/DCO
Tue Jan 26 23:10:33 2021 +0300,       1,.github/FUNDING.yml
Mon Jan 25 22:01:38 2021 +0300,       1,.github/ISSUE_TEMPLATE/bug_report.md
Mon Jan 25 22:01:38 2021 +0300,       1,.github/ISSUE_TEMPLATE/docs.md
Mon Jan 25 22:01:38 2021 +0300,       1,.github/ISSUE_TEMPLATE/feature_request.md
Mon Jan 25 22:01:38 2021 +0300,       1,.github/ISSUE_TEMPLATE/question.md
Mon Jan 25 22:01:38 2021 +0300,       1,.github/STYLEGUIDE.md
Mon Aug 9 14:40:00 2021 +0300,       1,.github/actions/helm/action.yml
Mon Aug 9 14:40:00 2021 +0300,       1,.github/actions/release-notes/Dockerfile
Mon Aug 9 14:40:00 2021 +0300,       1,.github/actions/release-notes/action.yml
Mon Aug 9 14:40:00 2021 +0300,       1,.github/actions/release-notes/entrypoint.sh
Tue Sep 28 17:57:36 2021 +0300,       1,.github/actions/skip/action.yml
Sun Apr 3 13:20:23 2022 +0300,       1,.github/actions/spelling/README.md
Sun Apr 3 13:20:23 2022 +0300,       1,.github/actions/spelling/advice.md
Sun Apr 3 13:20:23 2022 +0300,       1,.github/actions/spelling/allow.txt
Sun Apr 3 13:20:23 2022 +0300,       1,.github/actions/spelling/excludes.txt
Sun Apr 3 13:20:23 2022 +0300,       1,.github/actions/spelling/expect.txt
Sun Apr 3 13:20:23 2022 +0300,       1,.github/actions/spelling/only.txt
Sun Apr 3 13:20:23 2022 +0300,       1,.github/actions/spelling/patterns.txt
Sun Apr 3 13:20:23 2022 +0300,       1,.github/actions/spelling/reject.txt
Thu Feb 18 05:28:14 2021 +0300,       1,.github/auto-comment.yml
Tue Jan 26 23:10:33 2021 +0300,       1,.github/auto-merge.yml
Tue Jan 26 23:10:33 2021 +0300,       1,.github/auto_assign.yml
Tue Jan 26 23:10:33 2021 +0300,       1,.github/boring-cyborg.yml
Tue Jan 26 23:10:33 2021 +0300,       1,.github/card-labeler.yml
Fri Jul 2 18:56:18 2021 +0300,       1,.github/codeql/codeql-config.yml
Wed Aug 11 23:31:42 2021 +0300,       2,.github/community-code-of-conduct.md
Wed Jan 27 03:49:48 2021 +0300,       1,.github/confidentiality-agreement.md
Tue Jan 26 23:10:33 2021 +0300,       1,.github/config.yml
Sat Sep 11 03:17:00 2021 +0300,       2,.github/dependabot.yml
Tue Jan 26 23:10:33 2021 +0300,       1,.github/eslint-disable-bot.yml
Sun Apr 3 13:20:23 2022 +0300,       1,.github/first-timers-issue-template.md
Sun Apr 3 13:20:23 2022 +0300,       1,.github/first-timers.yml
Tue Jan 26 23:10:33 2021 +0300,       1,.github/invite-contributors.yml
Sun Jul 4 18:14:08 2021 +0300,       1,.github/labeler.yml
Tue Feb 9 19:08:34 2021 +0300,       1,.github/labels.json
Tue Jan 26 23:10:33 2021 +0300,       1,.github/labels.yml
Wed Feb 17 14:46:38 2021 +0300,       2,.github/lock.yml
Thu Jan 28 20:54:57 2021 +0300,       3,.github/mergeable.yml
Wed Feb 17 14:46:38 2021 +0300,       1,.github/no-response.yml
Wed Jan 27 03:49:48 2021 +0300,       1,.github/privacy-policy.md
Fri Jan 29 23:40:45 2021 +0300,       2,.github/scripts/close-pending.sh
Fri Jan 29 23:40:45 2021 +0300,       2,.github/scripts/comment-commands/close.sh
Fri Jan 29 22:21:28 2021 +0300,       1,.github/scripts/comment-commands/debug.sh
Fri Jan 29 22:21:28 2021 +0300,       1,.github/scripts/comment-commands/help.sh
Fri Jan 29 22:21:28 2021 +0300,       1,.github/scripts/comment-commands/label.sh
Fri Jan 29 22:21:28 2021 +0300,       1,.github/scripts/comment-commands/pending.sh
Fri Jan 29 22:21:28 2021 +0300,       1,.github/scripts/comment-commands/ready.sh
Fri Jan 29 22:21:28 2021 +0300,       1,.github/scripts/comment-commands/retest.sh
Fri Jan 29 22:21:28 2021 +0300,       1,.github/scripts/process-comment.sh
Tue Jan 26 23:10:33 2021 +0300,       1,.github/settings.yml
Thu Feb 18 05:28:14 2021 +0300,       5,.github/stale.yml
Tue Jan 26 23:10:33 2021 +0300,       1,.github/support.yml
Mon Jan 25 22:01:38 2021 +0300,       1,.github/weekly-digest.yml
Thu Feb 4 14:13:57 2021 +0300,       1,.github/workflows/action-devto.yml
Sat Feb 6 15:30:38 2021 +0300,       1,.github/workflows/add-labels.yml
Tue Jan 26 23:10:33 2021 +0300,       1,.github/workflows/backport.yml
Thu Jan 28 11:46:12 2021 +0300,       7,.github/workflows/blogpost-workflow.yml
Sat Jan 30 12:18:46 2021 +0000,       2,.github/workflows/broken-links.yml
Thu Apr 22 23:28:41 2021 +0300,       2,.github/workflows/build.yml
Fri Apr 23 00:00:16 2021 +0300,      11,.github/workflows/changelog.yml
Tue Jan 26 23:10:33 2021 +0300,       1,.github/workflows/changelog/configuration.json
Thu Sep 2 13:48:55 2021 +0300,       1,.github/workflows/chart-release.yaml
Sun Sep 26 14:56:35 2021 +0300,       1,.github/workflows/check-changelog.yml
Sat Jan 30 13:08:33 2021 +0000,       2,.github/workflows/check-urls.yml
Sat Sep 11 03:54:45 2021 +0300,       1,.github/workflows/checklist.yml
Sat Sep 11 03:17:00 2021 +0300,       1,.github/workflows/cla.yml
Sat Jan 30 12:18:47 2021 +0000,       3,.github/workflows/claim.yml
Tue Jan 26 23:10:33 2021 +0300,       1,.github/workflows/cleanup.yml
Fri Jan 29 22:21:28 2021 +0300,       1,.github/workflows/close-pending.yml
Tue Jan 26 23:10:33 2021 +0300,       1,.github/workflows/closing.yml
Fri Jul 2 18:56:18 2021 +0300,       1,.github/workflows/codeql-analysis.yml
Tue Jan 26 23:10:33 2021 +0300,       1,.github/workflows/codespell.yaml
Thu Mar 17 19:02:35 2022 +0300,       1,.github/workflows/color-check.yml
Sat Jan 30 12:18:47 2021 +0000,       2,.github/workflows/comment_on_issue.yml
Fri Jan 29 22:21:28 2021 +0300,       1,.github/workflows/comments.yml
Fri Feb 19 13:10:45 2021 +0000,       5,.github/workflows/commitlint.yml
Fri Jan 29 23:03:20 2021 +0300,       3,.github/workflows/compress.yml
Mon Aug 9 14:40:00 2021 +0300,       1,.github/workflows/cve-scan.yml
Tue Sep 28 17:57:36 2021 +0300,       1,.github/workflows/dead-link-checker.yaml
Mon Sep 13 15:49:55 2021 +0300,       2,.github/workflows/docker.yaml
Tue Apr 19 12:17:28 2022 +0300,       1,.github/workflows/enforce-changelog.yml
Fri Jul 2 18:56:18 2021 +0300,       2,.github/workflows/enforce-labels.yml
Mon Sep 13 08:01:18 2021 +0300,       5,.github/workflows/fossa.yml
Sat Sep 11 03:54:45 2021 +0300,       1,.github/workflows/generate-chart-readme.yml
Mon Sep 13 03:46:21 2021 +0300,       5,.github/workflows/gh-pages.yml
Sat Sep 25 23:15:18 2021 +0300,       1,.github/workflows/github.yml
Sun Jul 4 18:14:08 2021 +0300,       1,.github/workflows/greetings.yml
Mon Sep 13 15:49:55 2021 +0300,       2,.github/workflows/helm.yml
Fri Oct 1 14:51:03 2021 +0300,       1,.github/workflows/issue-manager.yml
Thu Sep 9 07:55:56 2021 +0300,       1,.github/workflows/issue-triage.yml
Mon Sep 13 15:49:55 2021 +0300,       9,.github/workflows/k8s.yml
Sun Jul 4 18:14:08 2021 +0300,       1,.github/workflows/label.yml
Tue Feb 9 19:08:34 2021 +0300,       1,.github/workflows/labels.yml
Tue Feb 9 19:08:34 2021 +0300,       1,.github/workflows/labels2.yml
Fri May 28 08:52:26 2021 +0300,       1,.github/workflows/link-check-all.yml
Fri May 28 08:52:26 2021 +0300,       1,.github/workflows/link-check-deploy.yml
Sun Jul 4 18:14:08 2021 +0300,       1,.github/workflows/lint-pr.yml
Mon Sep 13 03:46:21 2021 +0300,       4,.github/workflows/lint-test.yaml
Fri Jul 2 18:56:18 2021 +0300,       1,.github/workflows/lint.yml
Tue Jan 26 23:10:33 2021 +0300,       1,.github/workflows/lint/.commitlintrc.json
Thu Feb 18 16:59:12 2021 +0300,       5,.github/workflows/linter.yml
Sat Jan 30 12:18:45 2021 +0000,       2,.github/workflows/lock.yml
Tue Aug 3 21:01:02 2021 +0300,       1,.github/workflows/lychee-cron.yaml
Tue Aug 3 21:01:02 2021 +0300,       1,.github/workflows/lychee-pr.yaml
Mon Sep 13 11:37:52 2021 +0300,       1,.github/workflows/merge_master_to_dev.yml
Wed Sep 8 21:30:52 2021 +0300,       5,.github/workflows/mkdocs.yml
Sun Feb 7 21:01:22 2021 +0300,      11,.github/workflows/opengraph-card.yml
Thu Feb 4 20:06:20 2021 +0300,       9,.github/workflows/pagespeed.yml
Thu Apr 7 12:46:11 2022 +0300,       1,.github/workflows/performance-comparison-label.yml
Tue Aug 10 21:48:18 2021 +0000,       3,.github/workflows/pr-helper.yml
Tue Jan 26 23:10:33 2021 +0300,       1,.github/workflows/project-card-moved.yml
Fri Jul 23 22:08:49 2021 +0300,       1,.github/workflows/rebase.yml
Fri Jan 29 12:33:26 2021 +0300,       3,.github/workflows/release-changelog.yml
Tue Feb 2 16:31:33 2021 +0300,       1,.github/workflows/release.yml
Mon Feb 8 13:06:18 2021 +0000,       2,.github/workflows/remove-labels.yml
Mon Feb 1 23:14:55 2021 +0300,       1,.github/workflows/remove-old-artifacts.yml
Sat Jul 3 09:04:15 2021 +0300,       2,.github/workflows/repo-traffic.yml
Tue Feb 2 16:31:33 2021 +0300,       4,.github/workflows/reviewdog.yml
Sat Feb 20 05:39:01 2021 +0300,       1,.github/workflows/shiftleft-analysis.yml
Tue Jan 26 23:10:33 2021 +0300,       1,.github/workflows/spellcheck.yml
Sun Apr 3 13:20:23 2022 +0300,       1,.github/workflows/spelling.yml
Tue Apr 12 09:59:41 2022 +0300,       2,.github/workflows/stale.yml
Sat Jan 30 12:18:46 2021 +0000,       4,.github/workflows/sync.yml
Fri Jan 29 22:21:28 2021 +0300,       3,.github/workflows/toc.yml
Sat Jan 30 12:18:48 2021 +0000,       2,.github/workflows/unlock-reopened-issues.yml
Fri Jan 29 04:54:01 2021 +0300,       5,.github/workflows/version-update.yml
Sat Jan 30 12:18:47 2021 +0000,       2,.github/workflows/welcome_contributor.yml
Mon Sep 13 04:00:43 2021 +0300,       2,.github/workflows/yaml-lint.yml
Sun Sep 26 20:31:47 2021 +0300,       1,.github/yarn-run/action.js
Sun Sep 26 20:31:47 2021 +0300,       1,.github/yarn-run/action.yml
Thu Apr 7 12:46:11 2022 +0300,       9,.gitignore
Fri Apr 1 15:28:43 2022 +0300,       2,.gitpod.Dockerfile
Fri Apr 1 17:32:08 2022 +0300,       3,.gitpod.yml
Wed Apr 6 12:40:19 2022 +0300,       1,.htmllintrc
Thu Feb 10 13:46:34 2022 +0300,       1,.htmltest.external.yml
Thu Feb 10 13:46:34 2022 +0300,       1,.htmltest.yml
Wed Apr 21 01:04:44 2021 +0300,       1,.husky/.gitignore
Thu Apr 7 13:03:39 2022 +0300,       4,.husky/post-commit
Tue Apr 12 09:59:41 2022 +0300,       6,.husky/pre-commit
Thu Apr 7 13:03:39 2022 +0300,       4,.husky/pre-push
Tue Apr 12 09:59:41 2022 +0300,       6,.husky/prepare-commit-msg
Thu Apr 7 18:59:44 2022 +0300,       1,.jscsrc
Tue Apr 12 09:59:41 2022 +0300,       2,.jshintrc
Tue Mar 29 17:13:31 2022 +0300,       2,.kodiak.toml
Sat Oct 9 17:45:02 2021 +0300,       1,.license/README.md
Sat Oct 9 17:45:02 2021 +0300,       1,.license/dependency_decisions.yml
Wed Apr 21 23:14:24 2021 +0300,       3,.lintstagedrc.json
Wed Apr 21 01:04:44 2021 +0300,       1,.ls-lint.yml
Sun Apr 17 18:25:22 2022 +0300,       3,.markdownlint.yml
Thu Sep 2 22:18:04 2021 +0300,       2,.markdownlintignore
Tue Apr 5 18:16:08 2022 +0300,       1,.mention-bot
Sun Jul 4 18:14:08 2021 +0300,       3,.mergify.yml
Wed Apr 21 01:04:44 2021 +0300,       1,.npmignore
Tue Apr 19 20:08:41 2022 +0300,       6,.npmrc
Wed Apr 21 01:04:44 2021 +0300,       1,.nvmrc
Wed Apr 13 18:20:41 2022 +0300,       2,.pre-commit-config.yaml
Wed Apr 13 18:20:41 2022 +0300,       1,.pre-commit-hooks.yaml
Wed Sep 8 21:30:52 2021 +0300,      10,.prettierignore
Fri Apr 1 15:28:43 2022 +0300,       3,.prettierrc.yaml
Sat Apr 9 15:05:26 2022 +0300,       1,.pullapprove.yml
Wed Apr 13 18:20:41 2022 +0300,       2,.pylintrc
Tue Apr 12 14:09:12 2022 +0300,       1,.python-version
Wed Apr 13 18:20:41 2022 +0300,      10,.readthedocs.yaml
Sun Jul 4 18:14:08 2021 +0300,       1,.release-it.json
Wed Apr 21 19:00:51 2021 +0300,       2,.remarkrc
Fri Jul 23 22:08:49 2021 +0300,       1,.scrutinizer.yml
Sun Nov 14 16:21:03 2021 +0300,       1,.shellcheckrc
Thu Apr 7 18:59:44 2022 +0300,       1,.solidarity
Thu Sep 2 22:18:04 2021 +0300,       1,.stignore
Fri Apr 1 14:30:08 2022 +0300,       9,.stylelintignore
Tue Mar 29 17:13:31 2022 +0300,       2,.stylelintrc.json
Sun Apr 3 13:49:19 2022 +0300,       1,.svgo.yml
Thu Mar 17 19:02:35 2022 +0300,       1,.syncpackrc
Thu Mar 31 16:43:21 2022 +0300,       1,.syncpackrc.json
Sun Jul 4 17:52:31 2021 +0300,       1,.textlint.terms.json
Sun Jul 4 21:11:12 2021 +0300,       2,.textlintrc.js
Sun Apr 17 18:25:22 2022 +0300,       1,.theia/settings.json
Sat Jul 31 20:20:51 2021 +0300,       1,.tiltignore
Wed Apr 13 18:20:41 2022 +0300,       1,.tox/.package.lock
Wed Apr 21 23:14:24 2021 +0300,       2,.typo-ci.yml
Wed Apr 21 23:14:24 2021 +0300,       2,.unibeautifyrc.json
Wed Feb 17 14:46:38 2021 +0300,       1,.vimrc
Fri Apr 8 18:33:51 2022 +0300,       1,.watchmanconfig
Fri Jan 15 19:38:28 2021 +0300,       1,.whitesource
Fri Apr 1 15:58:07 2022 +0300,       6,.yaml-lint.yml
Wed Apr 21 01:04:44 2021 +0300,       1,.yarnrc
Sat Nov 13 19:02:32 2021 +0300,       3,.zappr.yaml
Fri Apr 1 14:30:08 2022 +0300,       4,AUTHORS
Fri Apr 1 14:30:08 2022 +0300,       3,AUTHORS.md
Tue Apr 12 09:59:41 2022 +0300,      36,CHANGELOG.md
Sat Sep 11 03:54:45 2021 +0300,       1,CHART_CATEGORIES
Tue Apr 12 09:59:41 2022 +0300,       2,CHECKLIST.yml
Sun Apr 3 13:49:19 2022 +0300,       2,CODEOWNERS
Wed May 26 21:18:10 2021 +0300,       2,CONTRIBUTING.md
Wed Apr 13 18:20:41 2022 +0300,       1,HOWTO.md
Sat Jan 16 04:15:35 2021 +0300,       1,LICENSE.txt
Tue Apr 19 20:08:41 2022 +0300,      39,Makefile
Fri Apr 1 14:30:08 2022 +0300,       3,NOTES.md
Thu Apr 22 15:05:40 2021 +0300,       2,OSSMETADATA
Tue Apr 19 20:08:41 2022 +0300,    1470,README.md
Wed Apr 21 22:40:42 2021 +0300,       2,SECURITY.md
Mon Sep 13 15:49:55 2021 +0300,       7,Tiltfile
Sun Apr 3 13:20:23 2022 +0300,       1,VERSION
Thu Jul 1 23:49:58 2021 +0300,       1,appveyor.yml
Tue Mar 29 17:13:31 2022 +0300,       2,aux/tags.md
Tue Feb 22 14:45:07 2022 +0300,       1,bs-config.js
Fri Mar 18 17:11:25 2022 +0300,       1,changelog
Thu Apr 7 18:59:44 2022 +0300,       2,changelog.config.js
Thu Mar 17 19:02:35 2022 +0300,       1,changelog.config.json
Wed Sep 1 13:12:49 2021 +0300,       1,charts/.helmignore
Thu Sep 2 11:48:39 2021 +0300,       2,charts/Chart.yaml
Sat Sep 11 03:17:00 2021 +0300,       1,charts/OWNERS
Wed Sep 1 13:12:49 2021 +0300,       1,charts/README.md
Fri Apr 8 18:33:51 2022 +0300,       6,charts/docs/build-and-push-container-images.md
Wed Apr 6 12:40:19 2022 +0300,       3,charts/docs/deploy-using-helm.md
Wed Sep 8 18:07:49 2021 +0300,       2,charts/docs/deploy-with-ingress.md
Tue Apr 19 12:17:28 2022 +0300,       6,charts/templates/NOTES.txt
Fri Apr 8 02:34:10 2022 +0300,      10,charts/templates/_helpers.tpl
Fri Apr 8 02:34:10 2022 +0300,       1,charts/templates/_rewrites.tpl
Wed Sep 8 18:07:49 2021 +0300,       4,charts/templates/certificate.yaml
Sun Sep 12 20:31:01 2021 +0300,       2,charts/templates/clusterrole.yaml
Sun Sep 12 20:31:01 2021 +0300,       2,charts/templates/clusterrolebinding.yaml
Sun Sep 12 00:45:30 2021 +0300,       1,charts/templates/configmap-vhosts.yaml
Sun Sep 12 00:45:30 2021 +0300,       5,charts/templates/configmap.yaml
Fri Apr 8 02:34:10 2022 +0300,      11,charts/templates/deployment.yaml
Sun Sep 12 00:45:30 2021 +0300,       2,charts/templates/extended-configmap.yaml
Wed Sep 8 18:07:49 2021 +0300,       3,charts/templates/hpa.yaml
Sun Sep 12 00:45:30 2021 +0300,       4,charts/templates/ingress.yaml
Fri Sep 10 10:25:27 2021 +0300,       1,charts/templates/init-configmap.yaml
Thu Sep 9 07:35:44 2021 +0300,       1,charts/templates/initialization-configmap.yaml
Tue Sep 7 19:02:50 2021 +0300,       2,charts/templates/linkerd.yaml
Sun Sep 12 00:45:30 2021 +0300,       3,charts/templates/networkpolicy.yaml
Wed Sep 8 18:07:49 2021 +0300,       2,charts/templates/poddisruptionbudget.yaml
Sun Sep 12 00:45:30 2021 +0300,       2,charts/templates/prometheus-alerting-rule.yaml
Wed Sep 8 21:30:52 2021 +0300,       3,charts/templates/pvc-local.yaml
Sun Sep 12 20:31:01 2021 +0300,       3,charts/templates/role.yaml
Sun Sep 12 20:31:01 2021 +0300,       2,charts/templates/rolebinding.yaml
Sat Sep 11 03:54:45 2021 +0300,       2,charts/templates/secret-recv.yaml
Sun Sep 12 00:45:30 2021 +0300,       6,charts/templates/secret.yaml
Sun Sep 12 00:45:30 2021 +0300,       3,charts/templates/service-svc.yaml
Sun Sep 12 00:45:30 2021 +0300,       5,charts/templates/service.discovery.yaml
Sun Sep 12 00:45:30 2021 +0300,       6,charts/templates/service.yaml
Wed Sep 8 18:07:49 2021 +0300,       3,charts/templates/serviceaccount.yaml
Sun Sep 12 20:31:01 2021 +0300,       5,charts/templates/servicemonitor.yaml
Sun Sep 12 00:45:30 2021 +0300,       5,charts/templates/statefulset.yaml
Wed Sep 8 18:07:49 2021 +0300,       3,charts/templates/tests/test-connection.yaml
Wed Sep 8 18:07:49 2021 +0300,       1,charts/templates/tests/tests.yaml
Sat Sep 11 03:54:45 2021 +0300,       1,charts/templates/tls-secret.yaml
Sun Sep 12 00:45:30 2021 +0300,       4,charts/templates/virtualservice.yaml
Fri Apr 8 02:34:10 2022 +0300,       1,charts/templates/vpa.yaml
Fri Apr 8 02:34:10 2022 +0300,      15,charts/values.yaml
Sat Sep 11 03:17:00 2021 +0300,       1,cla/README.md
Mon Sep 13 03:46:21 2021 +0300,       2,cla/signatures.json
Sun Apr 10 14:06:04 2022 +0300,       2,codecov.yml
Tue Aug 31 13:58:11 2021 +0300,       1,codespell.txt
Thu Apr 7 18:59:44 2022 +0300,       1,config.yml
Fri Mar 18 17:11:25 2022 +0300,       1,config/config.json
Fri May 28 08:52:26 2021 +0300,       1,config/config.yml
Fri May 28 08:52:26 2021 +0300,       1,config/excluded-files.yml
Fri May 28 08:52:26 2021 +0300,       1,config/excluded-links.yml
Thu Sep 2 13:48:55 2021 +0300,       1,cr.yaml
Sat Apr 2 01:52:35 2022 +0300,       2,crowdin.yml
Sat Sep 11 03:54:45 2021 +0300,       1,ct-lint.yaml
Sat Sep 11 03:54:45 2021 +0300,       2,ct.yaml
Tue Apr 12 09:59:41 2022 +0300,       2,dangerfile.js
Tue Mar 29 19:29:24 2022 +0300,       3,datas.csv
Tue Mar 29 19:29:24 2022 +0300,       2,datas.html
Mon Sep 13 15:49:55 2021 +0300,       4,default_rules.yaml
Fri Mar 18 17:11:25 2022 +0300,       1,distribution/docker-images/Dockerfile.pdf
Fri Apr 1 17:32:08 2022 +0300,       2,distribution/docker-images/ci.Dockerfile
Tue Apr 5 18:16:08 2022 +0300,       3,distribution/docker-images/dev.Dockerfile
Mon Sep 13 15:49:55 2021 +0300,       1,distribution/docker-images/release.Dockerfile
Tue Apr 5 18:16:08 2022 +0300,      11,docker-compose.yml
Tue Apr 12 09:59:41 2022 +0300,       3,docs/CHANGELOG.md
Tue Apr 12 14:38:37 2022 +0300,       1,docs/CONTRIBUTING.md
Tue Apr 12 14:09:12 2022 +0300,       1,docs/GUIDE.md
Sun Apr 17 18:25:22 2022 +0300,       9,docs/README.md
Wed Apr 21 01:04:44 2021 +0300,       4,docs/SUMMARY.md
Tue Apr 12 14:38:37 2022 +0300,       2,docs/__pycache__/hooks.cpython-39.pyc
Tue Apr 12 14:09:12 2022 +0300,       9,docs/_config.yml
Tue Mar 29 17:13:31 2022 +0300,       2,docs/adr/0001-styled-java-patterns.md
Tue Mar 29 17:13:31 2022 +0300,       2,docs/adr/README.md
Fri Dec 24 17:06:44 2021 +0300,       1,docs/articles/_config.yml
Thu Feb 4 14:13:57 2021 +0300,       1,docs/articles/default.md.tpl
Wed Jul 21 17:02:53 2021 +0300,       1,docs/assets/css/asciinema-player.css
Thu Mar 17 19:02:35 2022 +0300,       1,docs/assets/css/customizations.css
Wed Mar 9 17:32:10 2022 +0300,       2,docs/assets/css/extra.css
Sun Apr 3 13:20:23 2022 +0300,       1,docs/assets/css/website.css
Thu Mar 17 19:02:35 2022 +0300,       1,docs/assets/fonts/external-link.woff
Wed Jul 21 17:02:53 2021 +0300,       1,docs/assets/images/favicons/favicon.ico
Wed Jul 21 17:02:53 2021 +0300,       1,docs/assets/images/icons/icons8-add-property-64.png
Wed Jul 21 17:02:53 2021 +0300,       1,docs/assets/images/icons/icons8-attach-64.png
Wed Jul 21 17:02:53 2021 +0300,       1,docs/assets/images/icons/icons8-bug-64.png
Wed Jul 21 17:02:53 2021 +0300,       1,docs/assets/images/icons/icons8-code-64.png
Wed Jul 21 17:02:53 2021 +0300,       1,docs/assets/images/icons/icons8-edit-property-64.png
Wed Jul 21 17:02:53 2021 +0300,       1,docs/assets/images/icons/icons8-editor-64.png
Wed Jul 21 17:02:53 2021 +0300,       1,docs/assets/images/icons/icons8-fork-64.png
Wed Jul 21 17:02:53 2021 +0300,       1,docs/assets/images/icons/icons8-help-64.png
Wed Jul 21 17:02:53 2021 +0300,       1,docs/assets/images/icons/icons8-inspect-code-64.png
Wed Jul 21 17:02:53 2021 +0300,       1,docs/assets/images/icons/icons8-inspector-64.png
Wed Jul 21 17:02:53 2021 +0300,       1,docs/assets/images/icons/icons8-list-64.png
Wed Jul 21 17:02:53 2021 +0300,       1,docs/assets/images/icons/icons8-module-64.png
Wed Jul 21 17:02:53 2021 +0300,       1,docs/assets/images/icons/icons8-plan-64.png
Wed Jul 21 17:02:53 2021 +0300,       1,docs/assets/images/icons/icons8-plugin-64.png
Wed Jul 21 17:02:53 2021 +0300,       1,docs/assets/images/icons/icons8-program-64.png
Wed Jul 21 17:02:53 2021 +0300,       1,docs/assets/images/icons/icons8-remove-property-64.png
Wed Jul 21 17:02:53 2021 +0300,       1,docs/assets/images/icons/icons8-report-64.png
Wed Jul 21 17:02:53 2021 +0300,       1,docs/assets/images/icons/icons8-source-64.png
Wed Jul 21 17:02:53 2021 +0300,       1,docs/assets/images/icons/icons8-sys-info-64.png
Wed Jul 21 17:02:53 2021 +0300,       1,docs/assets/images/icons/icons8-template-64.png
Wed Jul 21 17:02:53 2021 +0300,       1,docs/assets/images/icons/icons8-true-false-64.png
Wed Jul 21 17:02:53 2021 +0300,       1,docs/assets/images/logos/logo.svg
Wed Jul 21 17:02:53 2021 +0300,       1,docs/assets/js/asciinema-player.js
Thu Mar 17 19:02:35 2022 +0300,       1,docs/assets/js/chat.js
Thu Mar 17 19:02:35 2022 +0300,       1,docs/assets/js/sidecar-1.5.0.js
Sun Apr 3 13:49:19 2022 +0300,       2,docs/book.json
Wed Apr 21 01:04:44 2021 +0300,       2,docs/contributing/README.md
Fri Dec 24 17:06:44 2021 +0300,       1,docs/contributing/_config.yml
Sun Jul 4 17:52:31 2021 +0300,       5,docs/contributing/info.md
Fri Apr 1 14:30:08 2022 +0300,       2,docs/contributors.json
Tue Apr 12 14:38:37 2022 +0300,       2,docs/hooks.py
Wed Apr 21 01:04:44 2021 +0300,       2,docs/links/README.md
Fri Dec 24 17:06:44 2021 +0300,       1,docs/links/_config.yml
Sun Apr 3 13:20:23 2022 +0300,       7,docs/links/info.md
Thu Jan 6 18:38:10 2022 +0300,       1,docs/mkdocs_macros/__init__.py
Sun Jan 9 13:33:03 2022 +0300,       1,docs/mkdocs_macros/__pycache__/__init__.cpython-39.pyc
Sun Jan 9 13:33:03 2022 +0300,       1,docs/mkdocs_macros/__pycache__/feature_stability_table.cpython-39.pyc
Thu Jan 6 18:38:10 2022 +0300,       1,docs/mkdocs_macros/feature_stability_table.py
Thu Mar 17 19:02:35 2022 +0300,       2,docs/overrides/.icons/checkbox-marked.svg
Thu Mar 17 19:02:35 2022 +0300,       2,docs/overrides/.icons/devices.svg
Thu Mar 17 19:02:35 2022 +0300,       2,docs/overrides/.icons/fdroid.svg
Thu Mar 17 19:02:35 2022 +0300,       2,docs/overrides/.icons/green-check.svg
Thu Mar 17 19:02:35 2022 +0300,       2,docs/overrides/.icons/green-cross.svg
Fri Mar 18 17:11:25 2022 +0300,       3,docs/overrides/.icons/kofi.svg
Thu Mar 17 19:02:35 2022 +0300,       2,docs/overrides/.icons/radiobox-marked.svg
Thu Mar 17 19:02:35 2022 +0300,       2,docs/overrides/.icons/red-check.svg
Thu Mar 17 19:02:35 2022 +0300,       2,docs/overrides/.icons/red-cross.svg
Thu Mar 17 19:02:35 2022 +0300,       2,docs/overrides/.icons/select-all.svg
Thu Mar 17 19:02:35 2022 +0300,       1,docs/overrides/404.html
Tue Apr 12 14:44:09 2022 +0300,       1,docs/overrides/addons/404.html
Tue Apr 12 14:44:09 2022 +0300,       1,docs/overrides/addons/base.html
Tue Apr 12 14:44:09 2022 +0300,       1,docs/overrides/addons/breadcrumbs.html
Tue Apr 12 14:44:09 2022 +0300,       1,docs/overrides/addons/home2.html
Tue Apr 12 14:44:09 2022 +0300,       1,docs/overrides/addons/main2.html
Tue Apr 12 14:44:09 2022 +0300,       1,docs/overrides/addons/main22.html
Tue Apr 12 14:44:09 2022 +0300,       1,docs/overrides/addons/nav.html
Tue Apr 12 14:44:09 2022 +0300,       1,docs/overrides/addons/searchbox.html
Tue Apr 12 14:44:09 2022 +0300,       1,docs/overrides/addons/toc.html
Tue Apr 12 14:09:12 2022 +0300,       1,docs/overrides/footer.html
Thu Feb 10 13:46:34 2022 +0300,       2,docs/overrides/home.html
Wed Mar 9 17:32:10 2022 +0300,       1,docs/overrides/main.html
Thu Feb 10 13:46:34 2022 +0300,       2,docs/overrides/partials/footer.html
Fri Dec 24 17:06:44 2021 +0300,       1,docs/patterns/README.md
Fri Dec 24 17:06:44 2021 +0300,       1,docs/patterns/_config.yml
Wed Jul 14 22:46:02 2021 +0300,       1,docs/patterns/abstract_factory.txt
Wed Jul 14 22:46:02 2021 +0300,       1,docs/patterns/adapter.txt
Wed Jul 14 22:46:02 2021 +0300,       1,docs/patterns/bridge.txt
Wed Jul 14 22:46:02 2021 +0300,       1,docs/patterns/builder.txt
Wed Jul 14 22:46:02 2021 +0300,       1,docs/patterns/chain_of_responsibilty.txt
Wed Jul 14 22:46:02 2021 +0300,       1,docs/patterns/command.txt
Wed Jul 14 14:38:44 2021 +0300,       1,docs/patterns/composite.txt
Wed Jul 14 22:46:02 2021 +0300,       1,docs/patterns/decorator.txt
Wed Jul 14 22:46:02 2021 +0300,       1,docs/patterns/facade.txt
Wed Jul 14 22:46:02 2021 +0300,       1,docs/patterns/factory.txt
Wed Jul 14 22:46:02 2021 +0300,       1,docs/patterns/flyweight.txt
Wed Jul 14 22:46:02 2021 +0300,       1,docs/patterns/interpeter.txt
Wed Jul 14 22:46:02 2021 +0300,       2,docs/patterns/iterator.txt
Wed Jul 14 22:46:02 2021 +0300,       1,docs/patterns/mediator.txt
Wed Jul 14 22:46:02 2021 +0300,       1,docs/patterns/memento.txt
Wed Jul 14 22:46:02 2021 +0300,       1,docs/patterns/observer.txt
Wed Jul 14 22:46:02 2021 +0300,       2,docs/patterns/prototype.txt
Wed Jul 14 22:46:02 2021 +0300,       2,docs/patterns/proxy.txt
Wed Jul 14 22:46:02 2021 +0300,       1,docs/patterns/singleton.txt
Thu Jul 22 01:12:41 2021 +0300,       3,docs/patterns/snippet-template.md
Wed Jul 14 22:46:02 2021 +0300,       2,docs/patterns/state.txt
Wed Jul 14 22:46:02 2021 +0300,       1,docs/patterns/strategy.txt
Wed Jul 14 22:46:02 2021 +0300,       2,docs/patterns/template_method.txt
Wed Jul 14 22:46:02 2021 +0300,       1,docs/patterns/visitor.txt
Fri Dec 24 17:06:44 2021 +0300,       1,docs/reporting/README.md
Fri Dec 24 17:06:44 2021 +0300,       1,docs/reporting/_config.yml
Thu Jul 22 01:12:41 2021 +0300,       7,docs/reporting/bug_report.md
Thu Jul 22 01:12:41 2021 +0300,       7,docs/reporting/custom_report.md
Thu Jul 22 01:12:41 2021 +0300,       7,docs/reporting/feature_request_template.md
Wed Jul 21 17:02:53 2021 +0300,       6,docs/reporting/info.md
Thu Jul 22 01:12:41 2021 +0300,       7,docs/reporting/issue_template.md
Wed Jul 21 17:02:53 2021 +0300,       5,docs/reporting/pull_request_template.md
Tue Apr 12 14:09:12 2022 +0300,      17,docs/requirements.txt
Fri Mar 18 17:11:25 2022 +0300,       1,docs/tags/README.md
Fri Mar 18 17:11:25 2022 +0300,       1,docs/tags/_config.yml
Tue Mar 29 17:13:31 2022 +0300,       2,docs/tags/tags.md
Wed Apr 21 01:04:44 2021 +0300,       2,docs/units/README.md
Fri Dec 24 17:06:44 2021 +0300,       1,docs/units/_config.yml
Wed Jul 21 17:02:53 2021 +0300,       4,docs/units/design-patterns.md
Wed Jul 21 17:02:53 2021 +0300,       4,docs/units/scenarios.md
Wed Jul 21 17:02:53 2021 +0300,       4,docs/units/use-cases.md
Wed Apr 21 01:04:44 2021 +0300,       2,docs/user-guide/README.md
Fri Dec 24 17:06:44 2021 +0300,       1,docs/user-guide/_config.yml
Wed Jul 21 17:02:53 2021 +0300,       3,docs/user-guide/changelog.md
Wed Jul 21 17:02:53 2021 +0300,       5,docs/user-guide/code_of_conduct.md
Wed Jul 21 17:02:53 2021 +0300,       4,docs/user-guide/code_owners.md
Wed Jul 21 17:02:53 2021 +0300,       4,docs/user-guide/dependency.md
Wed Jul 21 17:02:53 2021 +0300,       4,docs/user-guide/faq.md
Wed Jul 21 17:02:53 2021 +0300,       3,docs/user-guide/getting-started.md
Wed Jul 21 17:02:53 2021 +0300,       7,docs/user-guide/troubleshooting.md
Wed Jul 21 17:02:53 2021 +0300,       6,docs/user-guide/upgrade.md
Tue Mar 29 17:13:31 2022 +0300,       2,docs/versions.json
Thu Mar 17 16:06:31 2022 +0000,       4,gh-md-toc
Sat Apr 16 17:59:11 2022 +0300,       1,hooks/pre-commit.js
Fri Feb 5 15:06:04 2021 +0300,       1,images/awesome.svg
Sun Jan 31 23:21:35 2021 +0000,       3,images/banner.png
Tue Mar 29 14:19:17 2022 +0000,       4,images/contributors.png
Mon Feb 1 14:11:47 2021 +0000,       2,images/icon.png
Sun Feb 7 14:26:35 2021 +0000,       5,images/opengraph-card.png
Tue Apr 19 20:08:41 2022 +0300,       2,java_patterns.egg-info/PKG-INFO
Wed Apr 13 18:20:41 2022 +0300,       1,java_patterns.egg-info/SOURCES.txt
Wed Apr 13 18:20:41 2022 +0300,       1,java_patterns.egg-info/dependency_links.txt
Wed Apr 13 18:20:41 2022 +0300,       1,java_patterns.egg-info/not-zip-safe
Wed Apr 13 18:20:41 2022 +0300,       1,java_patterns.egg-info/requires.txt
Wed Apr 13 18:20:41 2022 +0300,       1,java_patterns.egg-info/top_level.txt
Mon Aug 9 21:49:21 2021 +0300,       2,k8s/README.md
Fri Sep 3 23:40:14 2021 +0300,       9,k8s/backend/deployment.yaml
Mon Aug 9 14:40:00 2021 +0300,       1,k8s/backend/hpa.yaml
Wed Aug 11 22:49:37 2021 +0300,       2,k8s/backend/job.yaml
Mon Aug 9 14:40:00 2021 +0300,       1,k8s/backend/kustomization.yaml
Tue Sep 7 12:56:52 2021 +0300,       3,k8s/backend/service.yaml
Mon Aug 9 14:40:00 2021 +0300,       1,k8s/common/namespace.yaml
Mon Aug 9 14:40:00 2021 +0300,       1,k8s/common/reconciler-rbac.yaml
Mon Aug 9 14:40:00 2021 +0300,       1,k8s/common/service-account.yaml
Tue Aug 10 12:20:20 2021 +0300,       3,k8s/kind.sh
Thu Apr 7 02:38:04 2022 +0300,       2,k8s/overlays/dev/kustomization.yaml
Mon Aug 9 14:40:00 2021 +0300,       1,k8s/overlays/dev/labels.yaml
Mon Aug 9 14:40:00 2021 +0300,       1,k8s/overlays/dev/namespace.yaml
Thu Apr 7 02:38:04 2022 +0300,       2,k8s/overlays/prod/kustomization.yaml
Mon Aug 9 14:40:00 2021 +0300,       1,k8s/overlays/prod/labels.yaml
Mon Aug 9 14:40:00 2021 +0300,       1,k8s/overlays/prod/namespace.yaml
Thu Apr 7 02:38:04 2022 +0300,       2,k8s/overlays/staging/kustomization.yaml
Mon Aug 9 14:40:00 2021 +0300,       1,k8s/overlays/staging/labels.yaml
Mon Aug 9 14:40:00 2021 +0300,       1,k8s/overlays/staging/namespace.yaml
Mon Aug 9 21:49:21 2021 +0300,       2,k8s/secure/backend/certificate.yaml
Tue Aug 10 12:20:20 2021 +0300,       5,k8s/secure/backend/deployment.yaml
Mon Aug 9 14:40:00 2021 +0300,       1,k8s/secure/backend/hpa.yaml
Mon Aug 9 14:40:00 2021 +0300,       1,k8s/secure/backend/service.yaml
Mon Aug 9 14:40:00 2021 +0300,       1,k8s/secure/common/cluster-issuer.yaml
Mon Aug 9 14:40:00 2021 +0300,       1,k8s/secure/common/config-map.yaml
Mon Aug 9 14:40:00 2021 +0300,       1,k8s/secure/common/namespace.yaml
Mon Aug 9 14:40:00 2021 +0300,       1,k8s/secure/common/reconciler-rbac.yaml
Mon Aug 9 14:40:00 2021 +0300,       1,k8s/secure/common/service-account.yaml
Thu Mar 31 16:53:14 2022 +0300,       3,lerna.json
Fri Jul 2 18:56:18 2021 +0300,       1,lgtm.yml
Sun Apr 17 18:25:22 2022 +0300,       2,lint-staged.config.js
Thu Aug 5 09:33:57 2021 +0300,       2,lychee.toml
Tue Apr 19 20:08:41 2022 +0300,       8,makefiles/common.mk
Thu Mar 17 19:02:35 2022 +0300,       1,material-colors.yml
Wed Apr 13 18:20:41 2022 +0300,      42,mkdocs.yml
Tue Apr 19 12:17:28 2022 +0300,       1,nodemon.json
Fri Sep 3 07:53:42 2021 +0300,       9,okteto-pipeline.yml
Sun Sep 5 09:13:23 2021 +0300,       7,okteto.yml
Sat Sep 11 03:17:00 2021 +0300,       6,okteto/deployment.yaml
Tue Apr 19 20:08:41 2022 +0300,      70,package.json
Sun Apr 10 08:14:48 2022 +0300,       1,packages/changelog/.codeclimate.yml
Tue Mar 29 19:29:24 2022 +0300,       1,packages/changelog/.env-cmdrc.json
Wed Mar 30 15:14:02 2022 +0300,       2,packages/changelog/.gitignore
Thu Apr 7 18:59:44 2022 +0300,       1,packages/changelog/.solidarity
Fri Apr 1 14:30:08 2022 +0300,       2,packages/changelog/LICENSE_TEMPLATE.txt
Sat Apr 16 17:59:11 2022 +0300,       1,packages/changelog/README.md
Sat Apr 9 15:05:26 2022 +0300,       1,packages/changelog/api-extractor.json
Fri Apr 8 18:33:51 2022 +0300,       1,packages/changelog/bundlesize.config.json
Tue Apr 19 12:17:28 2022 +0300,       6,packages/changelog/debug.json
Tue Mar 29 19:29:24 2022 +0300,       1,packages/changelog/docs/coverage.html
Tue Mar 29 19:29:24 2022 +0300,       1,packages/changelog/docs/fonts/ionicons.eot
Tue Mar 29 19:29:24 2022 +0300,       1,packages/changelog/docs/fonts/ionicons.svg
Tue Mar 29 19:29:24 2022 +0300,       1,packages/changelog/docs/fonts/ionicons.ttf
Tue Mar 29 19:29:24 2022 +0300,       1,packages/changelog/docs/fonts/ionicons.woff
Tue Mar 29 19:29:24 2022 +0300,       1,packages/changelog/docs/fonts/ionicons.woff2
Tue Mar 29 19:29:24 2022 +0300,       1,packages/changelog/docs/fonts/roboto-v15-latin-300.eot
Tue Mar 29 19:29:24 2022 +0300,       1,packages/changelog/docs/fonts/roboto-v15-latin-300.svg
Tue Mar 29 19:29:24 2022 +0300,       1,packages/changelog/docs/fonts/roboto-v15-latin-300.ttf
Tue Mar 29 19:29:24 2022 +0300,       1,packages/changelog/docs/fonts/roboto-v15-latin-300.woff
Tue Mar 29 19:29:24 2022 +0300,       1,packages/changelog/docs/fonts/roboto-v15-latin-300.woff2
Tue Mar 29 19:29:24 2022 +0300,       1,packages/changelog/docs/fonts/roboto-v15-latin-700.eot
Tue Mar 29 19:29:24 2022 +0300,       1,packages/changelog/docs/fonts/roboto-v15-latin-700.svg
Tue Mar 29 19:29:24 2022 +0300,       1,packages/changelog/docs/fonts/roboto-v15-latin-700.ttf
Tue Mar 29 19:29:24 2022 +0300,       1,packages/changelog/docs/fonts/roboto-v15-latin-700.woff
Tue Mar 29 19:29:24 2022 +0300,       1,packages/changelog/docs/fonts/roboto-v15-latin-700.woff2
Tue Mar 29 19:29:24 2022 +0300,       1,packages/changelog/docs/fonts/roboto-v15-latin-italic.eot
Tue Mar 29 19:29:24 2022 +0300,       1,packages/changelog/docs/fonts/roboto-v15-latin-italic.svg
Tue Mar 29 19:29:24 2022 +0300,       1,packages/changelog/docs/fonts/roboto-v15-latin-italic.ttf
Tue Mar 29 19:29:24 2022 +0300,       1,packages/changelog/docs/fonts/roboto-v15-latin-italic.woff
Tue Mar 29 19:29:24 2022 +0300,       1,packages/changelog/docs/fonts/roboto-v15-latin-italic.woff2
Tue Mar 29 19:29:24 2022 +0300,       1,packages/changelog/docs/fonts/roboto-v15-latin-regular.eot
Tue Mar 29 19:29:24 2022 +0300,       1,packages/changelog/docs/fonts/roboto-v15-latin-regular.svg
Tue Mar 29 19:29:24 2022 +0300,       1,packages/changelog/docs/fonts/roboto-v15-latin-regular.ttf
Tue Mar 29 19:29:24 2022 +0300,       1,packages/changelog/docs/fonts/roboto-v15-latin-regular.woff
Tue Mar 29 19:29:24 2022 +0300,       1,packages/changelog/docs/fonts/roboto-v15-latin-regular.woff2
Tue Mar 29 19:29:24 2022 +0300,       1,packages/changelog/docs/graph/dependencies.svg
Thu Mar 31 13:45:02 2022 +0000,       4,packages/changelog/docs/images/compodoc-vectorise-inverted.png
Tue Mar 29 19:29:24 2022 +0300,       1,packages/changelog/docs/images/compodoc-vectorise-inverted.svg
Thu Mar 31 13:45:02 2022 +0000,       4,packages/changelog/docs/images/compodoc-vectorise.png
Tue Mar 29 19:29:24 2022 +0300,       1,packages/changelog/docs/images/compodoc-vectorise.svg
Tue Mar 29 19:29:24 2022 +0300,       1,packages/changelog/docs/images/coverage-badge-documentation.svg
Tue Mar 29 19:29:24 2022 +0300,       1,packages/changelog/docs/images/favicon.ico
Tue Mar 29 19:29:24 2022 +0300,       1,packages/changelog/docs/index.html
Tue Mar 29 19:29:24 2022 +0300,       1,packages/changelog/docs/js/compodoc.js
Tue Mar 29 19:29:24 2022 +0300,       1,packages/changelog/docs/js/lazy-load-graphs.js
Tue Mar 29 19:29:24 2022 +0300,       1,packages/changelog/docs/js/libs/EventDispatcher.js
Tue Mar 29 19:29:24 2022 +0300,       1,packages/changelog/docs/js/libs/bootstrap-native.js
Tue Mar 29 19:29:24 2022 +0300,       1,packages/changelog/docs/js/libs/clipboard.min.js
Tue Mar 29 19:29:24 2022 +0300,       1,packages/changelog/docs/js/libs/custom-elements-es5-adapter.js
Tue Mar 29 19:29:24 2022 +0300,       1,packages/changelog/docs/js/libs/custom-elements.min.js
Tue Mar 29 19:29:24 2022 +0300,       1,packages/changelog/docs/js/libs/d3.v3.min.js
Tue Mar 29 19:29:24 2022 +0300,       1,packages/changelog/docs/js/libs/deep-iterator.js
Tue Mar 29 19:29:24 2022 +0300,       1,packages/changelog/docs/js/libs/es6-shim.min.js
Tue Mar 29 19:29:24 2022 +0300,       1,packages/changelog/docs/js/libs/htmlparser.js
Tue Mar 29 19:29:24 2022 +0300,       1,packages/changelog/docs/js/libs/innersvg.js
Tue Mar 29 19:29:24 2022 +0300,       1,packages/changelog/docs/js/libs/lit-html.js
Tue Mar 29 19:29:24 2022 +0300,       1,packages/changelog/docs/js/libs/prism.js
Tue Mar 29 19:29:24 2022 +0300,       1,packages/changelog/docs/js/libs/promise.min.js
Tue Mar 29 19:29:24 2022 +0300,       1,packages/changelog/docs/js/libs/svg-pan-zoom.min.js
Tue Mar 29 19:29:24 2022 +0300,       1,packages/changelog/docs/js/libs/tablesort.min.js
Tue Mar 29 19:29:24 2022 +0300,       1,packages/changelog/docs/js/libs/tablesort.number.min.js
Tue Mar 29 19:29:24 2022 +0300,       1,packages/changelog/docs/js/libs/vis.min.js
Tue Mar 29 19:29:24 2022 +0300,       1,packages/changelog/docs/js/libs/zepto.min.js
Tue Mar 29 19:29:24 2022 +0300,       1,packages/changelog/docs/js/menu-wc.js
Tue Mar 29 19:29:24 2022 +0300,       1,packages/changelog/docs/js/menu-wc_es5.js
Tue Mar 29 19:29:24 2022 +0300,       1,packages/changelog/docs/js/menu.js
Tue Mar 29 19:29:24 2022 +0300,       1,packages/changelog/docs/js/routes.js
Tue Mar 29 19:29:24 2022 +0300,       1,packages/changelog/docs/js/search/lunr.min.js
Tue Mar 29 19:29:24 2022 +0300,       1,packages/changelog/docs/js/search/search-lunr.js
Tue Mar 29 19:29:24 2022 +0300,       1,packages/changelog/docs/js/search/search.js
Tue Mar 29 19:29:24 2022 +0300,       1,packages/changelog/docs/js/search/search_index.js
Tue Mar 29 19:29:24 2022 +0300,       1,packages/changelog/docs/js/sourceCode.js
Tue Mar 29 19:29:24 2022 +0300,       1,packages/changelog/docs/js/svg-pan-zoom.controls.js
Tue Mar 29 19:29:24 2022 +0300,       1,packages/changelog/docs/js/tabs.js
Tue Mar 29 19:29:24 2022 +0300,       1,packages/changelog/docs/js/tree.js
Tue Mar 29 19:29:24 2022 +0300,       1,packages/changelog/docs/miscellaneous/functions.html
Tue Mar 29 19:29:24 2022 +0300,       1,packages/changelog/docs/miscellaneous/variables.html
Tue Mar 29 19:29:24 2022 +0300,       1,packages/changelog/docs/modules.html
Tue Mar 29 19:29:24 2022 +0300,       1,packages/changelog/docs/properties.html
Tue Mar 29 19:29:24 2022 +0300,       1,packages/changelog/docs/styles/bootstrap-card.css
Tue Mar 29 19:29:24 2022 +0300,       1,packages/changelog/docs/styles/bootstrap.min.css
Tue Mar 29 19:29:24 2022 +0300,       1,packages/changelog/docs/styles/compodoc.css
Tue Mar 29 19:29:24 2022 +0300,       1,packages/changelog/docs/styles/dark.css
Tue Mar 29 19:29:24 2022 +0300,       1,packages/changelog/docs/styles/ionicons.min.css
Tue Mar 29 19:29:24 2022 +0300,       1,packages/changelog/docs/styles/laravel.css
Tue Mar 29 19:29:24 2022 +0300,       1,packages/changelog/docs/styles/material.css
Tue Mar 29 19:29:24 2022 +0300,       1,packages/changelog/docs/styles/original.css
Tue Mar 29 19:29:24 2022 +0300,       1,packages/changelog/docs/styles/postmark.css
Tue Mar 29 19:29:24 2022 +0300,       1,packages/changelog/docs/styles/prism.css
Tue Mar 29 19:29:24 2022 +0300,       1,packages/changelog/docs/styles/readthedocs.css
Tue Mar 29 19:29:24 2022 +0300,       1,packages/changelog/docs/styles/reset.css
Tue Mar 29 19:29:24 2022 +0300,       1,packages/changelog/docs/styles/stripe.css
Tue Mar 29 19:29:24 2022 +0300,       1,packages/changelog/docs/styles/style.css
Tue Mar 29 19:29:24 2022 +0300,       1,packages/changelog/docs/styles/tablesort.css
Tue Mar 29 19:29:24 2022 +0300,       1,packages/changelog/docs/styles/vagrant.css
Sun Apr 17 18:25:22 2022 +0300,       2,packages/changelog/etc/changelog.api.md
Tue Apr 19 20:08:41 2022 +0300,       8,packages/changelog/jest.config.js
Fri Apr 1 14:30:08 2022 +0300,       3,packages/changelog/jest/jest-env-setup.js
Fri Apr 1 14:30:08 2022 +0300,       3,packages/changelog/jest/jest-global-setup.js
Fri Apr 1 14:30:08 2022 +0300,       3,packages/changelog/jest/jest-global-teardown.js
Fri Apr 1 14:30:08 2022 +0300,       3,packages/changelog/jest/jest-setup.js
Tue Apr 19 12:17:28 2022 +0300,       1,packages/changelog/jest/jest-test-sequencer.js
Sun Apr 17 18:25:22 2022 +0300,       2,packages/changelog/jest/mocks/jest-file-mock.js
Wed Apr 13 18:51:47 2022 +0300,       1,packages/changelog/jest/reporters/json-reporter.js
Sun Apr 17 18:25:22 2022 +0300,       2,packages/changelog/jest/transformers/jest-css-transform.js
Tue Apr 19 20:08:41 2022 +0300,       1,packages/changelog/jest/transformers/jest-html-transform.js
Wed Mar 30 15:14:02 2022 +0300,       1,packages/changelog/license-check-config.json
Tue Apr 19 12:17:28 2022 +0300,      11,packages/changelog/package-lock.json
Tue Apr 19 12:17:28 2022 +0300,      13,packages/changelog/package.json
Tue Apr 19 12:17:28 2022 +0300,       7,packages/changelog/reports/test-report.xml
Sun Apr 17 18:25:22 2022 +0300,       4,packages/changelog/src/@types/index.d.ts
Sun Apr 17 18:25:22 2022 +0300,       4,packages/changelog/src/helpers/filter.ts
Sun Apr 17 18:25:22 2022 +0300,       4,packages/changelog/src/helpers/group.ts
Fri Apr 1 14:30:08 2022 +0300,       3,packages/changelog/src/helpers/parser.ts
Sun Apr 17 18:25:22 2022 +0300,       5,packages/changelog/src/index.ts
Sat Apr 9 15:05:26 2022 +0300,       1,packages/changelog/temp/changelog.api.json
Sun Apr 17 18:25:22 2022 +0300,       2,packages/changelog/temp/changelog.api.md
Tue Apr 19 12:17:28 2022 +0300,       1,packages/changelog/tests/e2e/simple.test.ts
Tue Apr 19 12:17:28 2022 +0300,       1,packages/changelog/tests/unit/simple.test.ts
Tue Mar 29 19:29:24 2022 +0300,       1,packages/changelog/tsconfig.doc.json
Sun Apr 17 18:25:22 2022 +0300,       3,packages/changelog/tsconfig.json
Sun Apr 10 08:14:48 2022 +0300,       1,packages/contributors/.codeclimate.yml
Tue Mar 29 17:13:31 2022 +0300,       1,packages/contributors/.env-cmdrc.json
Wed Mar 30 15:14:02 2022 +0300,       2,packages/contributors/.gitignore
Thu Apr 7 18:59:44 2022 +0300,       1,packages/contributors/.solidarity
Fri Apr 1 14:30:08 2022 +0300,       2,packages/contributors/LICENSE_TEMPLATE.txt
Sat Apr 16 17:59:11 2022 +0300,       1,packages/contributors/README.md
Sat Apr 9 15:05:26 2022 +0300,       1,packages/contributors/api-extractor.json
Fri Apr 1 14:30:08 2022 +0300,       3,packages/contributors/assets/contributors.css
Fri Apr 1 14:30:08 2022 +0300,       3,packages/contributors/assets/contributors.html
Fri Apr 8 18:33:51 2022 +0300,       1,packages/contributors/bundlesize.config.json
Sun Apr 17 18:25:22 2022 +0300,       7,packages/contributors/debug.json
Tue Mar 29 19:29:24 2022 +0300,       1,packages/contributors/docs/coverage.html
Tue Mar 29 19:29:24 2022 +0300,       1,packages/contributors/docs/fonts/ionicons.eot
Tue Mar 29 19:29:24 2022 +0300,       1,packages/contributors/docs/fonts/ionicons.svg
Tue Mar 29 19:29:24 2022 +0300,       1,packages/contributors/docs/fonts/ionicons.ttf
Tue Mar 29 19:29:24 2022 +0300,       1,packages/contributors/docs/fonts/ionicons.woff
Tue Mar 29 19:29:24 2022 +0300,       1,packages/contributors/docs/fonts/ionicons.woff2
Tue Mar 29 19:29:24 2022 +0300,       1,packages/contributors/docs/fonts/roboto-v15-latin-300.eot
Tue Mar 29 19:29:24 2022 +0300,       1,packages/contributors/docs/fonts/roboto-v15-latin-300.svg
Tue Mar 29 19:29:24 2022 +0300,       1,packages/contributors/docs/fonts/roboto-v15-latin-300.ttf
Tue Mar 29 19:29:24 2022 +0300,       1,packages/contributors/docs/fonts/roboto-v15-latin-300.woff
Tue Mar 29 19:29:24 2022 +0300,       1,packages/contributors/docs/fonts/roboto-v15-latin-300.woff2
Tue Mar 29 19:29:24 2022 +0300,       1,packages/contributors/docs/fonts/roboto-v15-latin-700.eot
Tue Mar 29 19:29:24 2022 +0300,       1,packages/contributors/docs/fonts/roboto-v15-latin-700.svg
Tue Mar 29 19:29:24 2022 +0300,       1,packages/contributors/docs/fonts/roboto-v15-latin-700.ttf
Tue Mar 29 19:29:24 2022 +0300,       1,packages/contributors/docs/fonts/roboto-v15-latin-700.woff
Tue Mar 29 19:29:24 2022 +0300,       1,packages/contributors/docs/fonts/roboto-v15-latin-700.woff2
Tue Mar 29 19:29:24 2022 +0300,       1,packages/contributors/docs/fonts/roboto-v15-latin-italic.eot
Tue Mar 29 19:29:24 2022 +0300,       1,packages/contributors/docs/fonts/roboto-v15-latin-italic.svg
Tue Mar 29 19:29:24 2022 +0300,       1,packages/contributors/docs/fonts/roboto-v15-latin-italic.ttf
Tue Mar 29 19:29:24 2022 +0300,       1,packages/contributors/docs/fonts/roboto-v15-latin-italic.woff
Tue Mar 29 19:29:24 2022 +0300,       1,packages/contributors/docs/fonts/roboto-v15-latin-italic.woff2
Tue Mar 29 19:29:24 2022 +0300,       1,packages/contributors/docs/fonts/roboto-v15-latin-regular.eot
Tue Mar 29 19:29:24 2022 +0300,       1,packages/contributors/docs/fonts/roboto-v15-latin-regular.svg
Tue Mar 29 19:29:24 2022 +0300,       1,packages/contributors/docs/fonts/roboto-v15-latin-regular.ttf
Tue Mar 29 19:29:24 2022 +0300,       1,packages/contributors/docs/fonts/roboto-v15-latin-regular.woff
Tue Mar 29 19:29:24 2022 +0300,       1,packages/contributors/docs/fonts/roboto-v15-latin-regular.woff2
Tue Mar 29 19:29:24 2022 +0300,       1,packages/contributors/docs/graph/dependencies.svg
Thu Mar 31 13:45:02 2022 +0000,       4,packages/contributors/docs/images/compodoc-vectorise-inverted.png
Tue Mar 29 19:29:24 2022 +0300,       1,packages/contributors/docs/images/compodoc-vectorise-inverted.svg
Thu Mar 31 13:45:02 2022 +0000,       4,packages/contributors/docs/images/compodoc-vectorise.png
Tue Mar 29 19:29:24 2022 +0300,       1,packages/contributors/docs/images/compodoc-vectorise.svg
Tue Mar 29 19:29:24 2022 +0300,       1,packages/contributors/docs/images/coverage-badge-documentation.svg
Tue Mar 29 19:29:24 2022 +0300,       1,packages/contributors/docs/images/favicon.ico
Tue Mar 29 19:29:24 2022 +0300,       1,packages/contributors/docs/index.html
Tue Mar 29 19:29:24 2022 +0300,       1,packages/contributors/docs/interfaces/Contributor.html
Tue Mar 29 19:29:24 2022 +0300,       1,packages/contributors/docs/interfaces/ContributorsConfig.html
Tue Mar 29 19:29:24 2022 +0300,       1,packages/contributors/docs/js/compodoc.js
Tue Mar 29 19:29:24 2022 +0300,       1,packages/contributors/docs/js/lazy-load-graphs.js
Tue Mar 29 19:29:24 2022 +0300,       1,packages/contributors/docs/js/libs/EventDispatcher.js
Tue Mar 29 19:29:24 2022 +0300,       1,packages/contributors/docs/js/libs/bootstrap-native.js
Tue Mar 29 19:29:24 2022 +0300,       1,packages/contributors/docs/js/libs/clipboard.min.js
Tue Mar 29 19:29:24 2022 +0300,       1,packages/contributors/docs/js/libs/custom-elements-es5-adapter.js
Tue Mar 29 19:29:24 2022 +0300,       1,packages/contributors/docs/js/libs/custom-elements.min.js
Tue Mar 29 19:29:24 2022 +0300,       1,packages/contributors/docs/js/libs/d3.v3.min.js
Tue Mar 29 19:29:24 2022 +0300,       1,packages/contributors/docs/js/libs/deep-iterator.js
Tue Mar 29 19:29:24 2022 +0300,       1,packages/contributors/docs/js/libs/es6-shim.min.js
Tue Mar 29 19:29:24 2022 +0300,       1,packages/contributors/docs/js/libs/htmlparser.js
Tue Mar 29 19:29:24 2022 +0300,       1,packages/contributors/docs/js/libs/innersvg.js
Tue Mar 29 19:29:24 2022 +0300,       1,packages/contributors/docs/js/libs/lit-html.js
Tue Mar 29 19:29:24 2022 +0300,       1,packages/contributors/docs/js/libs/prism.js
Tue Mar 29 19:29:24 2022 +0300,       1,packages/contributors/docs/js/libs/promise.min.js
Tue Mar 29 19:29:24 2022 +0300,       1,packages/contributors/docs/js/libs/svg-pan-zoom.min.js
Tue Mar 29 19:29:24 2022 +0300,       1,packages/contributors/docs/js/libs/tablesort.min.js
Tue Mar 29 19:29:24 2022 +0300,       1,packages/contributors/docs/js/libs/tablesort.number.min.js
Tue Mar 29 19:29:24 2022 +0300,       1,packages/contributors/docs/js/libs/vis.min.js
Tue Mar 29 19:29:24 2022 +0300,       1,packages/contributors/docs/js/libs/zepto.min.js
Tue Mar 29 19:29:24 2022 +0300,       1,packages/contributors/docs/js/menu-wc.js
Tue Mar 29 19:29:24 2022 +0300,       1,packages/contributors/docs/js/menu-wc_es5.js
Tue Mar 29 19:29:24 2022 +0300,       1,packages/contributors/docs/js/menu.js
Tue Mar 29 19:29:24 2022 +0300,       1,packages/contributors/docs/js/routes.js
Tue Mar 29 19:29:24 2022 +0300,       1,packages/contributors/docs/js/search/lunr.min.js
Tue Mar 29 19:29:24 2022 +0300,       1,packages/contributors/docs/js/search/search-lunr.js
Tue Mar 29 19:29:24 2022 +0300,       1,packages/contributors/docs/js/search/search.js
Tue Mar 29 19:29:24 2022 +0300,       1,packages/contributors/docs/js/search/search_index.js
Tue Mar 29 19:29:24 2022 +0300,       1,packages/contributors/docs/js/sourceCode.js
Tue Mar 29 19:29:24 2022 +0300,       1,packages/contributors/docs/js/svg-pan-zoom.controls.js
Tue Mar 29 19:29:24 2022 +0300,       1,packages/contributors/docs/js/tabs.js
Tue Mar 29 19:29:24 2022 +0300,       1,packages/contributors/docs/js/tree.js
Tue Mar 29 19:29:24 2022 +0300,       1,packages/contributors/docs/miscellaneous/variables.html
Tue Mar 29 19:29:24 2022 +0300,       1,packages/contributors/docs/modules.html
Tue Mar 29 19:29:24 2022 +0300,       1,packages/contributors/docs/properties.html
Tue Mar 29 19:29:24 2022 +0300,       1,packages/contributors/docs/styles/bootstrap-card.css
Tue Mar 29 19:29:24 2022 +0300,       1,packages/contributors/docs/styles/bootstrap.min.css
Tue Mar 29 19:29:24 2022 +0300,       1,packages/contributors/docs/styles/compodoc.css
Tue Mar 29 19:29:24 2022 +0300,       1,packages/contributors/docs/styles/dark.css
Tue Mar 29 19:29:24 2022 +0300,       1,packages/contributors/docs/styles/ionicons.min.css
Tue Mar 29 19:29:24 2022 +0300,       1,packages/contributors/docs/styles/laravel.css
Tue Mar 29 19:29:24 2022 +0300,       1,packages/contributors/docs/styles/material.css
Tue Mar 29 19:29:24 2022 +0300,       1,packages/contributors/docs/styles/original.css
Tue Mar 29 19:29:24 2022 +0300,       1,packages/contributors/docs/styles/postmark.css
Tue Mar 29 19:29:24 2022 +0300,       1,packages/contributors/docs/styles/prism.css
Tue Mar 29 19:29:24 2022 +0300,       1,packages/contributors/docs/styles/readthedocs.css
Tue Mar 29 19:29:24 2022 +0300,       1,packages/contributors/docs/styles/reset.css
Tue Mar 29 19:29:24 2022 +0300,       1,packages/contributors/docs/styles/stripe.css
Tue Mar 29 19:29:24 2022 +0300,       1,packages/contributors/docs/styles/style.css
Tue Mar 29 19:29:24 2022 +0300,       1,packages/contributors/docs/styles/tablesort.css
Tue Mar 29 19:29:24 2022 +0300,       1,packages/contributors/docs/styles/vagrant.css
Sun Apr 17 18:25:22 2022 +0300,       2,packages/contributors/etc/contributors.api.md
Tue Mar 29 14:19:17 2022 +0000,       2,packages/contributors/images/contributors.png
Tue Apr 19 20:08:41 2022 +0300,       8,packages/contributors/jest.config.js
Fri Apr 1 14:30:08 2022 +0300,       3,packages/contributors/jest/jest-env-setup.js
Fri Apr 1 14:30:08 2022 +0300,       3,packages/contributors/jest/jest-global-setup.js
Fri Apr 1 14:30:08 2022 +0300,       3,packages/contributors/jest/jest-global-teardown.js
Fri Apr 1 14:30:08 2022 +0300,       3,packages/contributors/jest/jest-setup.js
Tue Apr 19 12:17:28 2022 +0300,       1,packages/contributors/jest/jest-test-sequencer.js
Sun Apr 17 18:25:22 2022 +0300,       2,packages/contributors/jest/mocks/jest-file-mock.js
Wed Apr 13 18:51:47 2022 +0300,       1,packages/contributors/jest/reporters/json-reporter.js
Sun Apr 17 18:25:22 2022 +0300,       2,packages/contributors/jest/transformers/jest-css-transform.js
Tue Apr 19 20:08:41 2022 +0300,       1,packages/contributors/jest/transformers/jest-html-transform.js
Wed Mar 30 15:14:02 2022 +0300,       1,packages/contributors/license-check-config.json
Tue Apr 19 12:17:28 2022 +0300,      12,packages/contributors/package-lock.json
Tue Apr 19 12:17:28 2022 +0300,      14,packages/contributors/package.json
Sun Apr 17 18:25:22 2022 +0300,       7,packages/contributors/reports/test-report.xml
Sun Apr 17 18:25:22 2022 +0300,       4,packages/contributors/src/@types/index.d.ts
Sun Apr 17 18:25:22 2022 +0300,       4,packages/contributors/src/helpers/painter.ts
Fri Apr 1 14:30:08 2022 +0300,       3,packages/contributors/src/helpers/screenshots.ts
Sun Apr 17 18:25:22 2022 +0300,       4,packages/contributors/src/helpers/similarity.ts
Sun Apr 17 18:25:22 2022 +0300,       4,packages/contributors/src/helpers/titleCase.ts
Sun Apr 17 18:25:22 2022 +0300,       6,packages/contributors/src/index.ts
Sun Apr 17 18:25:22 2022 +0300,       4,packages/contributors/src/models/contributor.ts
Sun Apr 17 18:25:22 2022 +0300,       4,packages/contributors/src/models/contributors.config.ts
Sat Apr 9 15:05:26 2022 +0300,       1,packages/contributors/temp/contributors.api.json
Sun Apr 17 18:25:22 2022 +0300,       2,packages/contributors/temp/contributors.api.md
Tue Apr 19 12:17:28 2022 +0300,       1,packages/contributors/tests/e2e/simple.test.ts
Tue Apr 19 12:17:28 2022 +0300,       1,packages/contributors/tests/unit/simple.test.ts
Tue Mar 29 19:29:24 2022 +0300,       1,packages/contributors/tsconfig.doc.json
Sun Apr 17 18:25:22 2022 +0300,       4,packages/contributors/tsconfig.json
Tue Apr 12 09:59:41 2022 +0300,       1,packages/github-client/.codeclimate.yml
Tue Apr 12 09:59:41 2022 +0300,       1,packages/github-client/.env-cmdrc.json
Tue Apr 12 09:59:41 2022 +0300,       1,packages/github-client/.gitignore
Tue Apr 12 09:59:41 2022 +0300,       1,packages/github-client/.solidarity
Tue Apr 12 09:59:41 2022 +0300,       1,packages/github-client/LICENSE_TEMPLATE.txt
Sat Apr 16 17:59:11 2022 +0300,       1,packages/github-client/README.md
Tue Apr 12 09:59:41 2022 +0300,       1,packages/github-client/api-extractor.json
Tue Apr 12 09:59:41 2022 +0300,       1,packages/github-client/bundlesize.config.json
Tue Apr 12 09:59:41 2022 +0300,       1,packages/github-client/cache/repos.json
Sun Apr 17 18:25:22 2022 +0300,       3,packages/github-client/debug.json
Tue Apr 12 09:59:41 2022 +0300,       1,packages/github-client/docs/coverage.html
Tue Apr 12 09:59:41 2022 +0300,       1,packages/github-client/docs/fonts/ionicons.eot
Tue Apr 12 09:59:41 2022 +0300,       1,packages/github-client/docs/fonts/ionicons.svg
Tue Apr 12 09:59:41 2022 +0300,       1,packages/github-client/docs/fonts/ionicons.ttf
Tue Apr 12 09:59:41 2022 +0300,       1,packages/github-client/docs/fonts/ionicons.woff
Tue Apr 12 09:59:41 2022 +0300,       1,packages/github-client/docs/fonts/ionicons.woff2
Tue Apr 12 09:59:41 2022 +0300,       1,packages/github-client/docs/fonts/roboto-v15-latin-300.eot
Tue Apr 12 09:59:41 2022 +0300,       1,packages/github-client/docs/fonts/roboto-v15-latin-300.svg
Tue Apr 12 09:59:41 2022 +0300,       1,packages/github-client/docs/fonts/roboto-v15-latin-300.ttf
Tue Apr 12 09:59:41 2022 +0300,       1,packages/github-client/docs/fonts/roboto-v15-latin-300.woff
Tue Apr 12 09:59:41 2022 +0300,       1,packages/github-client/docs/fonts/roboto-v15-latin-300.woff2
Tue Apr 12 09:59:41 2022 +0300,       1,packages/github-client/docs/fonts/roboto-v15-latin-700.eot
Tue Apr 12 09:59:41 2022 +0300,       1,packages/github-client/docs/fonts/roboto-v15-latin-700.svg
Tue Apr 12 09:59:41 2022 +0300,       1,packages/github-client/docs/fonts/roboto-v15-latin-700.ttf
Tue Apr 12 09:59:41 2022 +0300,       1,packages/github-client/docs/fonts/roboto-v15-latin-700.woff
Tue Apr 12 09:59:41 2022 +0300,       1,packages/github-client/docs/fonts/roboto-v15-latin-700.woff2
Tue Apr 12 09:59:41 2022 +0300,       1,packages/github-client/docs/fonts/roboto-v15-latin-italic.eot
Tue Apr 12 09:59:41 2022 +0300,       1,packages/github-client/docs/fonts/roboto-v15-latin-italic.svg
Tue Apr 12 09:59:41 2022 +0300,       1,packages/github-client/docs/fonts/roboto-v15-latin-italic.ttf
Tue Apr 12 09:59:41 2022 +0300,       1,packages/github-client/docs/fonts/roboto-v15-latin-italic.woff
Tue Apr 12 09:59:41 2022 +0300,       1,packages/github-client/docs/fonts/roboto-v15-latin-italic.woff2
Tue Apr 12 09:59:41 2022 +0300,       1,packages/github-client/docs/fonts/roboto-v15-latin-regular.eot
Tue Apr 12 09:59:41 2022 +0300,       1,packages/github-client/docs/fonts/roboto-v15-latin-regular.svg
Tue Apr 12 09:59:41 2022 +0300,       1,packages/github-client/docs/fonts/roboto-v15-latin-regular.ttf
Tue Apr 12 09:59:41 2022 +0300,       1,packages/github-client/docs/fonts/roboto-v15-latin-regular.woff
Tue Apr 12 09:59:41 2022 +0300,       1,packages/github-client/docs/fonts/roboto-v15-latin-regular.woff2
Tue Apr 12 09:59:41 2022 +0300,       1,packages/github-client/docs/graph/dependencies.svg
Tue Apr 12 13:51:36 2022 +0000,       2,packages/github-client/docs/images/compodoc-vectorise-inverted.png
Tue Apr 12 09:59:41 2022 +0300,       1,packages/github-client/docs/images/compodoc-vectorise-inverted.svg
Tue Apr 12 13:51:36 2022 +0000,       2,packages/github-client/docs/images/compodoc-vectorise.png
Tue Apr 12 09:59:41 2022 +0300,       1,packages/github-client/docs/images/compodoc-vectorise.svg
Tue Apr 12 09:59:41 2022 +0300,       1,packages/github-client/docs/images/coverage-badge-documentation.svg
Tue Apr 12 09:59:41 2022 +0300,       1,packages/github-client/docs/images/favicon.ico
Tue Apr 12 09:59:41 2022 +0300,       1,packages/github-client/docs/index.html
Tue Apr 12 09:59:41 2022 +0300,       1,packages/github-client/docs/js/compodoc.js
Tue Apr 12 09:59:41 2022 +0300,       1,packages/github-client/docs/js/lazy-load-graphs.js
Tue Apr 12 09:59:41 2022 +0300,       1,packages/github-client/docs/js/libs/EventDispatcher.js
Tue Apr 12 09:59:41 2022 +0300,       1,packages/github-client/docs/js/libs/bootstrap-native.js
Tue Apr 12 09:59:41 2022 +0300,       1,packages/github-client/docs/js/libs/clipboard.min.js
Tue Apr 12 09:59:41 2022 +0300,       1,packages/github-client/docs/js/libs/custom-elements-es5-adapter.js
Tue Apr 12 09:59:41 2022 +0300,       1,packages/github-client/docs/js/libs/custom-elements.min.js
Tue Apr 12 09:59:41 2022 +0300,       1,packages/github-client/docs/js/libs/d3.v3.min.js
Tue Apr 12 09:59:41 2022 +0300,       1,packages/github-client/docs/js/libs/deep-iterator.js
Tue Apr 12 09:59:41 2022 +0300,       1,packages/github-client/docs/js/libs/es6-shim.min.js
Tue Apr 12 09:59:41 2022 +0300,       1,packages/github-client/docs/js/libs/htmlparser.js
Tue Apr 12 09:59:41 2022 +0300,       1,packages/github-client/docs/js/libs/innersvg.js
Tue Apr 12 09:59:41 2022 +0300,       1,packages/github-client/docs/js/libs/lit-html.js
Tue Apr 12 09:59:41 2022 +0300,       1,packages/github-client/docs/js/libs/prism.js
Tue Apr 12 09:59:41 2022 +0300,       1,packages/github-client/docs/js/libs/promise.min.js
Tue Apr 12 09:59:41 2022 +0300,       1,packages/github-client/docs/js/libs/svg-pan-zoom.min.js
Tue Apr 12 09:59:41 2022 +0300,       1,packages/github-client/docs/js/libs/tablesort.min.js
Tue Apr 12 09:59:41 2022 +0300,       1,packages/github-client/docs/js/libs/tablesort.number.min.js
Tue Apr 12 09:59:41 2022 +0300,       1,packages/github-client/docs/js/libs/vis.min.js
Tue Apr 12 09:59:41 2022 +0300,       1,packages/github-client/docs/js/libs/zepto.min.js
Tue Apr 12 09:59:41 2022 +0300,       1,packages/github-client/docs/js/menu-wc.js
Tue Apr 12 09:59:41 2022 +0300,       1,packages/github-client/docs/js/menu-wc_es5.js
Tue Apr 12 09:59:41 2022 +0300,       1,packages/github-client/docs/js/menu.js
Tue Apr 12 09:59:41 2022 +0300,       1,packages/github-client/docs/js/routes.js
Tue Apr 12 09:59:41 2022 +0300,       1,packages/github-client/docs/js/search/lunr.min.js
Tue Apr 12 09:59:41 2022 +0300,       1,packages/github-client/docs/js/search/search-lunr.js
Tue Apr 12 09:59:41 2022 +0300,       1,packages/github-client/docs/js/search/search.js
Tue Apr 12 09:59:41 2022 +0300,       1,packages/github-client/docs/js/search/search_index.js
Tue Apr 12 09:59:41 2022 +0300,       1,packages/github-client/docs/js/sourceCode.js
Tue Apr 12 09:59:41 2022 +0300,       1,packages/github-client/docs/js/svg-pan-zoom.controls.js
Tue Apr 12 09:59:41 2022 +0300,       1,packages/github-client/docs/js/tabs.js
Tue Apr 12 09:59:41 2022 +0300,       1,packages/github-client/docs/js/tree.js
Tue Apr 12 09:59:41 2022 +0300,       1,packages/github-client/docs/miscellaneous/functions.html
Tue Apr 12 09:59:41 2022 +0300,       1,packages/github-client/docs/miscellaneous/variables.html
Tue Apr 12 09:59:41 2022 +0300,       1,packages/github-client/docs/modules.html
Tue Apr 12 09:59:41 2022 +0300,       1,packages/github-client/docs/properties.html
Tue Apr 12 09:59:41 2022 +0300,       1,packages/github-client/docs/styles/bootstrap-card.css
Tue Apr 12 09:59:41 2022 +0300,       1,packages/github-client/docs/styles/bootstrap.min.css
Tue Apr 12 09:59:41 2022 +0300,       1,packages/github-client/docs/styles/compodoc.css
Tue Apr 12 09:59:41 2022 +0300,       1,packages/github-client/docs/styles/dark.css
Tue Apr 12 09:59:41 2022 +0300,       1,packages/github-client/docs/styles/ionicons.min.css
Tue Apr 12 09:59:41 2022 +0300,       1,packages/github-client/docs/styles/laravel.css
Tue Apr 12 09:59:41 2022 +0300,       1,packages/github-client/docs/styles/material.css
Tue Apr 12 09:59:41 2022 +0300,       1,packages/github-client/docs/styles/original.css
Tue Apr 12 09:59:41 2022 +0300,       1,packages/github-client/docs/styles/postmark.css
Tue Apr 12 09:59:41 2022 +0300,       1,packages/github-client/docs/styles/prism.css
Tue Apr 12 09:59:41 2022 +0300,       1,packages/github-client/docs/styles/readthedocs.css
Tue Apr 12 09:59:41 2022 +0300,       1,packages/github-client/docs/styles/reset.css
Tue Apr 12 09:59:41 2022 +0300,       1,packages/github-client/docs/styles/stripe.css
Tue Apr 12 09:59:41 2022 +0300,       1,packages/github-client/docs/styles/style.css
Tue Apr 12 09:59:41 2022 +0300,       1,packages/github-client/docs/styles/tablesort.css
Tue Apr 12 09:59:41 2022 +0300,       1,packages/github-client/docs/styles/vagrant.css
Tue Apr 19 20:08:41 2022 +0300,       5,packages/github-client/jest.config.js
Tue Apr 12 09:59:41 2022 +0300,       1,packages/github-client/jest/jest-env-setup.js
Tue Apr 12 09:59:41 2022 +0300,       1,packages/github-client/jest/jest-global-setup.js
Tue Apr 12 09:59:41 2022 +0300,       1,packages/github-client/jest/jest-global-teardown.js
Tue Apr 12 09:59:41 2022 +0300,       1,packages/github-client/jest/jest-setup.js
Tue Apr 19 12:17:28 2022 +0300,       1,packages/github-client/jest/jest-test-sequencer.js
Sun Apr 17 18:25:22 2022 +0300,       2,packages/github-client/jest/mocks/jest-file-mock.js
Wed Apr 13 18:51:47 2022 +0300,       1,packages/github-client/jest/reporters/json-reporter.js
Sun Apr 17 18:25:22 2022 +0300,       2,packages/github-client/jest/transformers/jest-css-transform.js
Tue Apr 19 20:08:41 2022 +0300,       1,packages/github-client/jest/transformers/jest-html-transform.js
Tue Apr 12 09:59:41 2022 +0300,       1,packages/github-client/license-check-config.json
Sat Apr 16 03:10:01 2022 +0300,       3,packages/github-client/package-lock.json
Tue Apr 19 12:17:28 2022 +0300,       5,packages/github-client/package.json
Sun Apr 17 18:25:22 2022 +0300,       3,packages/github-client/reports/test-report.xml
Sun Apr 17 18:25:22 2022 +0300,       2,packages/github-client/src/@types/index.d.ts
Sun Apr 17 18:25:22 2022 +0300,       2,packages/github-client/src/helpers/utils.ts
Sun Apr 17 18:25:22 2022 +0300,       2,packages/github-client/src/index.ts
Tue Apr 19 12:17:28 2022 +0300,       1,packages/github-client/tests/e2e/simple.test.ts
Tue Apr 19 12:17:28 2022 +0300,       1,packages/github-client/tests/unit/simple.test.ts
Tue Apr 12 09:59:41 2022 +0300,       1,packages/github-client/tsconfig.doc.json
Sun Apr 17 18:25:22 2022 +0300,       2,packages/github-client/tsconfig.json
Sun Apr 10 14:06:04 2022 +0300,       1,packages/schema-diff/.codeclimate.yml
Sun Apr 10 14:06:04 2022 +0300,       1,packages/schema-diff/.env-cmdrc.json
Sun Apr 10 14:06:04 2022 +0300,       1,packages/schema-diff/.gitignore
Sun Apr 10 14:06:04 2022 +0300,       1,packages/schema-diff/.solidarity
Sun Apr 10 14:06:04 2022 +0300,       1,packages/schema-diff/LICENSE_TEMPLATE.txt
Sat Apr 16 17:59:11 2022 +0300,       1,packages/schema-diff/README.md
Sun Apr 10 14:06:04 2022 +0300,       1,packages/schema-diff/api-extractor.json
Sun Apr 10 14:06:04 2022 +0300,       1,packages/schema-diff/bundlesize.config.json
Sun Apr 17 18:25:22 2022 +0300,       5,packages/schema-diff/debug.json
Sun Apr 10 14:06:04 2022 +0300,       1,packages/schema-diff/docs/classes/Directory.html
Sun Apr 10 14:06:04 2022 +0300,       1,packages/schema-diff/docs/classes/File.html
Sun Apr 10 14:06:04 2022 +0300,       1,packages/schema-diff/docs/coverage.html
Sun Apr 10 14:06:04 2022 +0300,       1,packages/schema-diff/docs/fonts/ionicons.eot
Sun Apr 10 14:06:04 2022 +0300,       1,packages/schema-diff/docs/fonts/ionicons.svg
Sun Apr 10 14:06:04 2022 +0300,       1,packages/schema-diff/docs/fonts/ionicons.ttf
Sun Apr 10 14:06:04 2022 +0300,       1,packages/schema-diff/docs/fonts/ionicons.woff
Sun Apr 10 14:06:04 2022 +0300,       1,packages/schema-diff/docs/fonts/ionicons.woff2
Sun Apr 10 14:06:04 2022 +0300,       1,packages/schema-diff/docs/fonts/roboto-v15-latin-300.eot
Sun Apr 10 14:06:04 2022 +0300,       1,packages/schema-diff/docs/fonts/roboto-v15-latin-300.svg
Sun Apr 10 14:06:04 2022 +0300,       1,packages/schema-diff/docs/fonts/roboto-v15-latin-300.ttf
Sun Apr 10 14:06:04 2022 +0300,       1,packages/schema-diff/docs/fonts/roboto-v15-latin-300.woff
Sun Apr 10 14:06:04 2022 +0300,       1,packages/schema-diff/docs/fonts/roboto-v15-latin-300.woff2
Sun Apr 10 14:06:04 2022 +0300,       1,packages/schema-diff/docs/fonts/roboto-v15-latin-700.eot
Sun Apr 10 14:06:04 2022 +0300,       1,packages/schema-diff/docs/fonts/roboto-v15-latin-700.svg
Sun Apr 10 14:06:04 2022 +0300,       1,packages/schema-diff/docs/fonts/roboto-v15-latin-700.ttf
Sun Apr 10 14:06:04 2022 +0300,       1,packages/schema-diff/docs/fonts/roboto-v15-latin-700.woff
Sun Apr 10 14:06:04 2022 +0300,       1,packages/schema-diff/docs/fonts/roboto-v15-latin-700.woff2
Sun Apr 10 14:06:04 2022 +0300,       1,packages/schema-diff/docs/fonts/roboto-v15-latin-italic.eot
Sun Apr 10 14:06:04 2022 +0300,       1,packages/schema-diff/docs/fonts/roboto-v15-latin-italic.svg
Sun Apr 10 14:06:04 2022 +0300,       1,packages/schema-diff/docs/fonts/roboto-v15-latin-italic.ttf
Sun Apr 10 14:06:04 2022 +0300,       1,packages/schema-diff/docs/fonts/roboto-v15-latin-italic.woff
Sun Apr 10 14:06:04 2022 +0300,       1,packages/schema-diff/docs/fonts/roboto-v15-latin-italic.woff2
Sun Apr 10 14:06:04 2022 +0300,       1,packages/schema-diff/docs/fonts/roboto-v15-latin-regular.eot
Sun Apr 10 14:06:04 2022 +0300,       1,packages/schema-diff/docs/fonts/roboto-v15-latin-regular.svg
Sun Apr 10 14:06:04 2022 +0300,       1,packages/schema-diff/docs/fonts/roboto-v15-latin-regular.ttf
Sun Apr 10 14:06:04 2022 +0300,       1,packages/schema-diff/docs/fonts/roboto-v15-latin-regular.woff
Sun Apr 10 14:06:04 2022 +0300,       1,packages/schema-diff/docs/fonts/roboto-v15-latin-regular.woff2
Sun Apr 10 14:06:04 2022 +0300,       1,packages/schema-diff/docs/graph/dependencies.svg
Tue Apr 12 13:51:36 2022 +0000,       2,packages/schema-diff/docs/images/compodoc-vectorise-inverted.png
Sun Apr 10 14:06:04 2022 +0300,       1,packages/schema-diff/docs/images/compodoc-vectorise-inverted.svg
Tue Apr 12 13:51:36 2022 +0000,       2,packages/schema-diff/docs/images/compodoc-vectorise.png
Sun Apr 10 14:06:04 2022 +0300,       1,packages/schema-diff/docs/images/compodoc-vectorise.svg
Sun Apr 10 14:06:04 2022 +0300,       1,packages/schema-diff/docs/images/coverage-badge-documentation.svg
Sun Apr 10 14:06:04 2022 +0300,       1,packages/schema-diff/docs/images/favicon.ico
Sun Apr 10 14:06:04 2022 +0300,       1,packages/schema-diff/docs/index.html
Sun Apr 10 14:06:04 2022 +0300,       1,packages/schema-diff/docs/interfaces/BranchState.html
Sun Apr 10 14:06:04 2022 +0300,       1,packages/schema-diff/docs/js/compodoc.js
Sun Apr 10 14:06:04 2022 +0300,       1,packages/schema-diff/docs/js/lazy-load-graphs.js
Sun Apr 10 14:06:04 2022 +0300,       1,packages/schema-diff/docs/js/libs/EventDispatcher.js
Sun Apr 10 14:06:04 2022 +0300,       1,packages/schema-diff/docs/js/libs/bootstrap-native.js
Sun Apr 10 14:06:04 2022 +0300,       1,packages/schema-diff/docs/js/libs/clipboard.min.js
Sun Apr 10 14:06:04 2022 +0300,       1,packages/schema-diff/docs/js/libs/custom-elements-es5-adapter.js
Sun Apr 10 14:06:04 2022 +0300,       1,packages/schema-diff/docs/js/libs/custom-elements.min.js
Sun Apr 10 14:06:04 2022 +0300,       1,packages/schema-diff/docs/js/libs/d3.v3.min.js
Sun Apr 10 14:06:04 2022 +0300,       1,packages/schema-diff/docs/js/libs/deep-iterator.js
Sun Apr 10 14:06:04 2022 +0300,       1,packages/schema-diff/docs/js/libs/es6-shim.min.js
Sun Apr 10 14:06:04 2022 +0300,       1,packages/schema-diff/docs/js/libs/htmlparser.js
Sun Apr 10 14:06:04 2022 +0300,       1,packages/schema-diff/docs/js/libs/innersvg.js
Sun Apr 10 14:06:04 2022 +0300,       1,packages/schema-diff/docs/js/libs/lit-html.js
Sun Apr 10 14:06:04 2022 +0300,       1,packages/schema-diff/docs/js/libs/prism.js
Sun Apr 10 14:06:04 2022 +0300,       1,packages/schema-diff/docs/js/libs/promise.min.js
Sun Apr 10 14:06:04 2022 +0300,       1,packages/schema-diff/docs/js/libs/svg-pan-zoom.min.js
Sun Apr 10 14:06:04 2022 +0300,       1,packages/schema-diff/docs/js/libs/tablesort.min.js
Sun Apr 10 14:06:04 2022 +0300,       1,packages/schema-diff/docs/js/libs/tablesort.number.min.js
Sun Apr 10 14:06:04 2022 +0300,       1,packages/schema-diff/docs/js/libs/vis.min.js
Sun Apr 10 14:06:04 2022 +0300,       1,packages/schema-diff/docs/js/libs/zepto.min.js
Sun Apr 10 14:06:04 2022 +0300,       1,packages/schema-diff/docs/js/menu-wc.js
Sun Apr 10 14:06:04 2022 +0300,       1,packages/schema-diff/docs/js/menu-wc_es5.js
Sun Apr 10 14:06:04 2022 +0300,       1,packages/schema-diff/docs/js/menu.js
Sun Apr 10 14:06:04 2022 +0300,       1,packages/schema-diff/docs/js/routes.js
Sun Apr 10 14:06:04 2022 +0300,       1,packages/schema-diff/docs/js/search/lunr.min.js
Sun Apr 10 14:06:04 2022 +0300,       1,packages/schema-diff/docs/js/search/search-lunr.js
Sun Apr 10 14:06:04 2022 +0300,       1,packages/schema-diff/docs/js/search/search.js
Sun Apr 10 14:06:04 2022 +0300,       1,packages/schema-diff/docs/js/search/search_index.js
Sun Apr 10 14:06:04 2022 +0300,       1,packages/schema-diff/docs/js/sourceCode.js
Sun Apr 10 14:06:04 2022 +0300,       1,packages/schema-diff/docs/js/svg-pan-zoom.controls.js
Sun Apr 10 14:06:04 2022 +0300,       1,packages/schema-diff/docs/js/tabs.js
Sun Apr 10 14:06:04 2022 +0300,       1,packages/schema-diff/docs/js/tree.js
Sun Apr 10 14:06:04 2022 +0300,       1,packages/schema-diff/docs/miscellaneous/enumerations.html
Sun Apr 10 14:06:04 2022 +0300,       1,packages/schema-diff/docs/miscellaneous/typealiases.html
Sun Apr 10 14:06:04 2022 +0300,       1,packages/schema-diff/docs/miscellaneous/variables.html
Sun Apr 10 14:06:04 2022 +0300,       1,packages/schema-diff/docs/modules.html
Sun Apr 10 14:06:04 2022 +0300,       1,packages/schema-diff/docs/properties.html
Sun Apr 10 14:06:04 2022 +0300,       1,packages/schema-diff/docs/styles/bootstrap-card.css
Sun Apr 10 14:06:04 2022 +0300,       1,packages/schema-diff/docs/styles/bootstrap.min.css
Sun Apr 10 14:06:04 2022 +0300,       1,packages/schema-diff/docs/styles/compodoc.css
Sun Apr 10 14:06:04 2022 +0300,       1,packages/schema-diff/docs/styles/dark.css
Sun Apr 10 14:06:04 2022 +0300,       1,packages/schema-diff/docs/styles/ionicons.min.css
Sun Apr 10 14:06:04 2022 +0300,       1,packages/schema-diff/docs/styles/laravel.css
Sun Apr 10 14:06:04 2022 +0300,       1,packages/schema-diff/docs/styles/material.css
Sun Apr 10 14:06:04 2022 +0300,       1,packages/schema-diff/docs/styles/original.css
Sun Apr 10 14:06:04 2022 +0300,       1,packages/schema-diff/docs/styles/postmark.css
Sun Apr 10 14:06:04 2022 +0300,       1,packages/schema-diff/docs/styles/prism.css
Sun Apr 10 14:06:04 2022 +0300,       1,packages/schema-diff/docs/styles/readthedocs.css
Sun Apr 10 14:06:04 2022 +0300,       1,packages/schema-diff/docs/styles/reset.css
Sun Apr 10 14:06:04 2022 +0300,       1,packages/schema-diff/docs/styles/stripe.css
Sun Apr 10 14:06:04 2022 +0300,       1,packages/schema-diff/docs/styles/style.css
Sun Apr 10 14:06:04 2022 +0300,       1,packages/schema-diff/docs/styles/tablesort.css
Sun Apr 10 14:06:04 2022 +0300,       1,packages/schema-diff/docs/styles/vagrant.css
Tue Apr 19 20:08:41 2022 +0300,       5,packages/schema-diff/jest.config.js
Sun Apr 10 14:06:04 2022 +0300,       1,packages/schema-diff/jest/jest-env-setup.js
Sun Apr 10 14:06:04 2022 +0300,       1,packages/schema-diff/jest/jest-global-setup.js
Sun Apr 10 14:06:04 2022 +0300,       1,packages/schema-diff/jest/jest-global-teardown.js
Sun Apr 10 14:06:04 2022 +0300,       1,packages/schema-diff/jest/jest-setup.js
Tue Apr 19 12:17:28 2022 +0300,       1,packages/schema-diff/jest/jest-test-sequencer.js
Sun Apr 17 18:25:22 2022 +0300,       2,packages/schema-diff/jest/mocks/jest-file-mock.js
Wed Apr 13 18:51:47 2022 +0300,       1,packages/schema-diff/jest/reporters/json-reporter.js
Sun Apr 17 18:25:22 2022 +0300,       2,packages/schema-diff/jest/transformers/jest-css-transform.js
Tue Apr 19 20:08:41 2022 +0300,       1,packages/schema-diff/jest/transformers/jest-html-transform.js
Sun Apr 10 14:06:04 2022 +0300,       1,packages/schema-diff/license-check-config.json
Sat Apr 16 03:10:01 2022 +0300,       3,packages/schema-diff/package-lock.json
Tue Apr 19 12:17:28 2022 +0300,       6,packages/schema-diff/package.json
Sun Apr 17 18:25:22 2022 +0300,       5,packages/schema-diff/reports/test-report.xml
Sun Apr 17 18:25:22 2022 +0300,       3,packages/schema-diff/src/index.ts
Tue Apr 19 12:17:28 2022 +0300,       1,packages/schema-diff/tests/e2e/simple.test.ts
Tue Apr 19 12:17:28 2022 +0300,       1,packages/schema-diff/tests/unit/simple.test.ts
Sun Apr 10 14:06:04 2022 +0300,       1,packages/schema-diff/tsconfig.doc.json
Sun Apr 17 18:25:22 2022 +0300,       2,packages/schema-diff/tsconfig.json
Tue Aug 31 13:58:11 2021 +0300,       3,policy/deny.rego
Mon Aug 9 14:40:00 2021 +0300,       2,policy/kubernetes.rego
Sat Jul 31 20:20:51 2021 +0300,       1,policy/labels.rego
Mon Aug 9 14:40:00 2021 +0300,       1,policy/rules.rego
Sat Jul 31 20:20:51 2021 +0300,       1,policy/violation.rego
Sat Jul 31 20:20:51 2021 +0300,       1,policy/warn.rego
Thu Apr 7 18:59:44 2022 +0300,       2,pr-lint.config.js
Thu Jul 22 01:12:41 2021 +0300,       1,record-start-time.py
Thu Jul 22 01:12:41 2021 +0300,       1,record-start-time.sh
Tue Apr 12 09:59:41 2022 +0300,       3,renovate.json
Mon Apr 11 00:39:13 2022 +0000,     237,reports/pagespeedresult.svg
Sun Apr 17 00:41:45 2022 +0000,     211,reports/pagespeedresultmobile.svg
Tue Apr 19 20:08:41 2022 +0300,       2,requirements/base.hash
Wed Apr 13 18:20:41 2022 +0300,       1,requirements/base.in
Tue Apr 19 20:08:41 2022 +0300,       2,requirements/base.txt
Tue Apr 19 20:08:41 2022 +0300,       2,requirements/local.hash
Wed Apr 13 18:20:41 2022 +0300,       1,requirements/local.in
Tue Apr 19 20:08:41 2022 +0300,       2,requirements/local.txt
Wed Apr 13 18:20:41 2022 +0300,       1,requirements/test.hash
Wed Apr 13 18:20:41 2022 +0300,       1,requirements/test.in
Wed Apr 13 18:20:41 2022 +0300,       1,requirements/test.txt
Wed Apr 13 18:20:41 2022 +0300,       1,requirements/testwin.hash
Wed Apr 13 18:20:41 2022 +0300,       1,requirements/testwin.in
Wed Apr 13 18:20:41 2022 +0300,       1,requirements/testwin.txt
Sat Nov 13 18:39:13 2021 +0300,       1,sandbox.config.json
Fri Apr 1 14:30:08 2022 +0300,      11,scripts/build-docs.sh
Tue Apr 5 13:47:38 2022 +0300,       1,scripts/changelog.js
Thu Apr 7 12:59:29 2022 +0300,       2,scripts/check_grammar.sh
Fri Apr 1 14:30:08 2022 +0300,       2,scripts/check_license.sh
Fri Apr 1 14:30:08 2022 +0300,      11,scripts/docker-build.sh
Fri Apr 1 14:30:08 2022 +0300,       2,scripts/docker-compose-logs.sh
Fri Apr 1 14:30:08 2022 +0300,       2,scripts/docker-compose-ps.sh
Fri Apr 1 14:30:08 2022 +0300,       2,scripts/docker-compose-pull.sh
Fri Apr 1 14:30:08 2022 +0300,       7,scripts/docker-compose-start.sh
Fri Apr 1 14:30:08 2022 +0300,       7,scripts/docker-compose-stop.sh
Tue Apr 5 13:47:38 2022 +0300,       4,scripts/docker-compose.sh
Fri Apr 1 14:30:08 2022 +0300,       2,scripts/docker-rebuild.sh
Fri Apr 1 14:30:08 2022 +0300,       5,scripts/docker-run.sh
Fri Apr 1 14:30:08 2022 +0300,       3,scripts/e2e-kind.sh
Fri Apr 1 14:30:08 2022 +0300,       2,scripts/env-dependencies.js
Fri Apr 1 14:30:08 2022 +0300,       2,scripts/getBundleBanner.js
Tue Apr 19 12:17:28 2022 +0300,       2,scripts/git_authors.sh
Fri Apr 1 14:30:08 2022 +0300,       1,scripts/git_authors_md.sh
Sun Apr 3 15:20:25 2022 +0300,       1,scripts/git_blame.sh
Fri Apr 1 14:30:08 2022 +0300,       1,scripts/git_changelog.sh
Fri Apr 1 14:30:08 2022 +0300,       1,scripts/git_changelog_md.sh
Thu Apr 7 02:38:04 2022 +0300,       1,scripts/git_changes.sh
Fri Apr 1 14:30:08 2022 +0300,       1,scripts/git_check_branch.sh
Fri Apr 1 14:30:08 2022 +0300,       1,scripts/git_history.sh
Sun Apr 3 13:20:23 2022 +0300,       1,scripts/git_list.sh
Fri Apr 1 14:30:08 2022 +0300,       1,scripts/git_push.sh
Fri Apr 1 14:30:08 2022 +0300,       1,scripts/git_release_notes.sh
Fri Apr 1 14:30:08 2022 +0300,       1,scripts/git_size.sh
Fri Apr 1 14:30:08 2022 +0300,       1,scripts/git_tag.sh
Fri Apr 1 14:30:08 2022 +0300,       2,scripts/git_update.sh
Wed Apr 6 16:45:33 2022 +0300,       1,scripts/hook.bat
Wed Apr 6 16:45:33 2022 +0300,       1,scripts/hook.sh
Mon Feb 28 01:39:27 2022 +0300,       1,scripts/htmltest
Fri Apr 1 14:30:08 2022 +0300,       1,scripts/install_husky.js
Fri Apr 1 14:30:08 2022 +0300,       1,scripts/package_app_name.js
Fri Apr 1 14:30:08 2022 +0300,       2,scripts/read_cpus_available.sh
Sat Apr 16 03:10:01 2022 +0300,       1,scripts/run_jest.sh
Thu Apr 7 12:46:11 2022 +0300,       3,scripts/shellcheck.sh
Thu Apr 7 12:46:11 2022 +0300,       1,scripts/template/comment-text.txt
Thu Apr 7 12:59:29 2022 +0300,       2,scripts/template/words-to-ignore.en.pws
Tue Apr 12 09:59:41 2022 +0300,       1,scripts/validate-commit-msg.js
Tue Apr 19 20:08:41 2022 +0300,       2,setup.cfg
Tue Apr 19 20:08:41 2022 +0300,       3,setup.py
Thu Apr 7 02:38:04 2022 +0300,       4,skaffold.docker.yaml
Fri Apr 8 18:33:51 2022 +0300,       6,skaffold.helm.yaml
Fri Apr 8 18:33:51 2022 +0300,       5,skaffold.kubectl.yaml
Fri Apr 8 18:33:51 2022 +0300,       2,skaffold.kustomize.yaml
Thu Apr 7 18:59:44 2022 +0300,       1,spellcheck.json
Sat Jul 31 20:20:51 2021 +0300,       1,tilt_modules/conftest/README.md
Sat Jul 31 20:20:51 2021 +0300,       1,tilt_modules/conftest/Tiltfile
Mon Aug 9 14:40:00 2021 +0300,       3,tilt_modules/extensions.json
Sat Jul 31 20:20:51 2021 +0300,       1,tilt_modules/list_port_forwards/README.md
Sat Jul 31 20:20:51 2021 +0300,       1,tilt_modules/list_port_forwards/Tiltfile
Sat Jul 31 20:20:51 2021 +0300,       1,tilt_modules/list_port_forwards/display_port_forwards.sh
Sat Jul 31 20:20:51 2021 +0300,       1,tilt_modules/min_tilt_version/README.md
Sat Jul 31 20:20:51 2021 +0300,       1,tilt_modules/min_tilt_version/Tiltfile
Mon Aug 9 14:40:00 2021 +0300,       1,tilt_modules/namespace/README.md
Mon Aug 9 14:40:00 2021 +0300,       1,tilt_modules/namespace/Tiltfile
Mon Aug 9 14:40:00 2021 +0300,       1,tilt_modules/namespace/test/Tiltfile
Mon Aug 9 14:40:00 2021 +0300,       1,tilt_modules/namespace/test/deployment.yaml
Mon Aug 9 14:40:00 2021 +0300,       1,tilt_modules/namespace/test/job-default-namespace.yaml
Mon Aug 9 14:40:00 2021 +0300,       1,tilt_modules/namespace/test/job.yaml
Mon Aug 9 14:40:00 2021 +0300,       1,tilt_modules/namespace/test/test.sh
Sat Jul 31 20:20:51 2021 +0300,       1,tilt_modules/print_tiltfile_dir/Tiltfile
Thu Jul 22 01:12:41 2021 +0300,       1,tilt_modules/restart_process/.gitignore
Thu Jul 22 01:12:41 2021 +0300,       1,tilt_modules/restart_process/Dockerfile
Tue Sep 7 19:19:30 2021 +0300,       4,tilt_modules/restart_process/README.md
Tue Aug 31 13:07:33 2021 +0300,       2,tilt_modules/restart_process/Tiltfile
Sat Nov 13 18:49:50 2021 +0300,       3,tilt_modules/restart_process/release.sh
Thu Jul 22 01:12:41 2021 +0300,       1,tilt_modules/restart_process/test/Dockerfile
Thu Jul 22 01:12:41 2021 +0300,       1,tilt_modules/restart_process/test/Tiltfile
Thu Jul 22 01:12:41 2021 +0300,       1,tilt_modules/restart_process/test/custom.Tiltfile
Sat Nov 13 18:49:50 2021 +0300,       3,tilt_modules/restart_process/test/fail.sh
Thu Jul 22 01:12:41 2021 +0300,       1,tilt_modules/restart_process/test/job.yaml
Sat Nov 13 18:49:50 2021 +0300,       3,tilt_modules/restart_process/test/test-custom.sh
Sat Nov 13 18:49:50 2021 +0300,       3,tilt_modules/restart_process/test/test-docker.sh
Sat Nov 13 18:49:50 2021 +0300,       3,tilt_modules/restart_process/test/test.sh
Tue Aug 31 13:07:33 2021 +0300,       2,tilt_modules/restart_process/tilt-restart-wrapper.go
Sat Jul 31 20:20:51 2021 +0300,       1,tilt_modules/tilt_inspector/.gitignore
Sat Jul 31 20:20:51 2021 +0300,       1,tilt_modules/tilt_inspector/README.md
Sat Jul 31 20:20:51 2021 +0300,       1,tilt_modules/tilt_inspector/Tiltfile
Tue Aug 10 21:49:35 2021 +0000,       2,tilt_modules/tilt_inspector/package.json
Sat Jul 31 20:20:51 2021 +0300,       1,tilt_modules/tilt_inspector/test/Tiltfile
Sat Jul 31 20:20:51 2021 +0300,       1,tilt_modules/tilt_inspector/test/test.sh
Sat Jul 31 20:20:51 2021 +0300,       1,tilt_modules/uibutton/README.md
Sat Jul 31 20:20:51 2021 +0300,       1,tilt_modules/uibutton/Tiltfile
Sat Jul 31 20:20:51 2021 +0300,       1,tilt_modules/uibutton/test/Tiltfile
Sat Jul 31 20:20:51 2021 +0300,       1,tilt_modules/uibutton/test/goose.svg
Sat Jul 31 20:20:51 2021 +0300,       1,tilt_modules/uibutton/test/test.sh
Wed Apr 13 18:20:41 2022 +0300,       1,tox.ini
Sun Apr 17 23:58:04 2022 +0000,      43,traffic/clones.csv
Tue Apr 19 09:19:49 2022 +0000,      74,traffic/plots.png
Sun Apr 17 23:58:04 2022 +0000,      34,traffic/views.csv
Sat Apr 9 15:05:26 2022 +0300,       6,tsconfig.json
Thu Feb 18 14:32:01 2021 +0000,       7,version.txt
Fri Apr 8 18:33:51 2022 +0300,       1,wercker.yml
